run,method,dataset,scene,psnr,ssim,lpips,cuda_time_s,wall_time_s,fps,peak_device_mb,gaussians_m,path
R1,fastgs_base,Mip-NeRF 360,bicycle,24.816343307495117,0.7144729495048523,0.3098362386226654,214.13713472141586,267.0,573.5835105943507,8489.0,0.537255,<LOCAL_PATH>
R1,fastgs_base,Mip-NeRF 360,flowers,21.176118850708008,0.5596380233764648,0.40684422850608826,210.61919807875495,260.0,579.9110272596163,8237.0,0.486137,<LOCAL_PATH>
R1,fastgs_base,Mip-NeRF 360,garden,27.171194076538086,0.8353835940361023,0.17393209040164948,271.2216202513288,328.0,485.19203451238303,9737.0,0.737626,<LOCAL_PATH>
R1,fastgs_base,Mip-NeRF 360,stump,26.65564727783203,0.7548389434814453,0.29832854866981506,181.0942843543595,217.0,613.4507688054958,6707.0,0.382311,<LOCAL_PATH>
R1,fastgs_base,Mip-NeRF 360,treehill,22.922605514526367,0.612570583820343,0.4266967475414276,189.3687480268344,230.0,612.4262013884419,7985.0,0.394584,<LOCAL_PATH>
R1,fastgs_base,Mip-NeRF 360,room,31.891918182373047,0.9199602007865906,0.2172662764787674,175.32776986666852,213.0,660.2627613832009,10997.0,0.207166,<LOCAL_PATH>
R1,fastgs_base,Mip-NeRF 360,counter,29.15576171875,0.9070416688919067,0.2031906098127365,211.7284048909632,243.0,572.7415257998003,9637.0,0.207655,<LOCAL_PATH>
R1,fastgs_base,Mip-NeRF 360,kitchen,31.779306411743164,0.9285762310028076,0.12662453949451447,280.5983476853979,319.0,478.71159262765445,12273.0,0.377701,<LOCAL_PATH>
R1,fastgs_base,Mip-NeRF 360,bonsai,32.20329666137695,0.9409722089767456,0.1903872936964035,207.1587452441422,244.0,609.097303818773,9721.0,0.276965,<LOCAL_PATH>
R1,fastgs_base,Tanks & Temples,truck,25.70443344116211,0.8724315166473389,0.1784796267747879,129.49041682465747,140.0,703.0112759707579,5019.0,0.253318,<LOCAL_PATH>
R1,fastgs_base,Tanks & Temples,train,22.332260131835938,0.8033003807067871,0.24289803206920624,134.31057055026594,145.0,620.6835016795856,5761.0,0.230106,<LOCAL_PATH>
R1,fastgs_base,Deep Blending,drjohnson,29.4884033203125,0.8979911804199219,0.2752212882041931,146.29360620604868,159.0,722.3467934041748,7650.0,0.251102,<LOCAL_PATH>
R1,fastgs_base,Deep Blending,playroom,30.348594665527344,0.9044257998466492,0.26470518112182617,127.33237645941549,138.0,766.8023877040102,6428.0,0.186798,<LOCAL_PATH>
R1,skipgs_base,Mip-NeRF 360,bicycle,24.803678512573242,0.71285080909729,0.3118745982646942,186.4528185998041,239.0,563.6182105832759,8080.0,0.53721,<LOCAL_PATH>
R1,skipgs_base,Mip-NeRF 360,flowers,21.19464111328125,0.5581705570220947,0.40848448872566223,185.51959470321535,235.0,576.6069371582402,8192.0,0.48678,<LOCAL_PATH>
R1,skipgs_base,Mip-NeRF 360,garden,27.146657943725586,0.8341342806816101,0.17636756598949432,241.41111411220427,297.0,477.05070428942975,8682.0,0.742074,<LOCAL_PATH>
R1,skipgs_base,Mip-NeRF 360,stump,26.601110458374023,0.7553930282592773,0.29819411039352417,165.34529662597285,202.0,597.7124406855438,6598.0,0.388386,<LOCAL_PATH>
R1,skipgs_base,Mip-NeRF 360,treehill,22.838912963867188,0.6101782917976379,0.4305163025856018,170.51239026768812,211.0,609.7587408894417,6870.0,0.390934,<LOCAL_PATH>
R1,skipgs_base,Mip-NeRF 360,room,31.72152328491211,0.9190576076507568,0.2185230255126953,163.09633602010618,201.0,670.1772758892572,10336.0,0.206656,<LOCAL_PATH>
R1,skipgs_base,Mip-NeRF 360,counter,29.04987335205078,0.9058548212051392,0.2054423987865448,183.65394411752868,216.0,578.6808634257867,9865.0,0.207426,<LOCAL_PATH>
R1,skipgs_base,Mip-NeRF 360,kitchen,31.701234817504883,0.9276807308197021,0.12823551893234253,244.34106549217486,282.0,481.9331449147827,11111.0,0.377391,<LOCAL_PATH>
R1,skipgs_base,Mip-NeRF 360,bonsai,32.04902648925781,0.9413659572601318,0.19197936356067657,183.55790060767973,221.0,614.5454354991781,10973.0,0.276833,<LOCAL_PATH>
R1,skipgs_base,Tanks & Temples,truck,25.586261749267578,0.8711254596710205,0.1809782087802887,110.9575736187124,121.0,709.54547494824,5067.0,0.254849,<LOCAL_PATH>
R1,skipgs_base,Tanks & Temples,train,22.297122955322266,0.8022491335868835,0.24513530731201172,118.71602552810656,129.0,627.5403122471469,5425.0,0.229048,<LOCAL_PATH>
R1,skipgs_base,Deep Blending,drjohnson,29.395082473754883,0.8975812792778015,0.277330607175827,125.72783381512286,138.0,724.6931505444695,7677.0,0.249272,<LOCAL_PATH>
R1,skipgs_base,Deep Blending,playroom,30.6140079498291,0.9041120409965515,0.2673068344593048,111.69123793360794,122.0,778.3524333444933,6523.0,0.185089,<LOCAL_PATH>
R1,full,Mip-NeRF 360,bicycle,24.744094848632812,0.7119355797767639,0.31302374601364136,177.36236597949775,229.0,570.5498890462013,8209.0,0.533957,<LOCAL_PATH>
R1,full,Mip-NeRF 360,flowers,21.16771125793457,0.5584015250205994,0.4073064923286438,178.68014281951176,228.0,573.6040420650603,7661.0,0.49397,<LOCAL_PATH>
R1,full,Mip-NeRF 360,garden,27.138534545898438,0.8340632915496826,0.17639614641666412,234.89232121278445,291.0,480.74294502979456,8963.0,0.754821,<LOCAL_PATH>
R1,full,Mip-NeRF 360,stump,26.641841888427734,0.7548591494560242,0.29892000555992126,157.5816783801796,194.0,602.2741740845397,6303.0,0.392538,<LOCAL_PATH>
R1,full,Mip-NeRF 360,treehill,22.85276985168457,0.6094557642936707,0.4313873052597046,162.9771252439166,204.0,606.3286706337649,7017.0,0.395893,<LOCAL_PATH>
R1,full,Mip-NeRF 360,room,31.687713623046875,0.9170254468917847,0.2208058089017868,153.18441178273417,191.0,674.7681189481001,10039.0,0.209453,<LOCAL_PATH>
R1,full,Mip-NeRF 360,counter,29.020551681518555,0.90511155128479,0.20678168535232544,176.01789679567472,208.0,576.5323352763709,10105.0,0.208077,<LOCAL_PATH>
R1,full,Mip-NeRF 360,kitchen,31.57681655883789,0.9271938800811768,0.12896905839443207,235.64110581557395,273.0,471.2814574078821,11493.0,0.379577,<LOCAL_PATH>
R1,full,Mip-NeRF 360,bonsai,31.966510772705078,0.9403252601623535,0.19299165904521942,175.0551076589706,213.0,613.6504549932338,10535.0,0.277985,<LOCAL_PATH>
R1,full,Tanks & Temples,truck,25.535003662109375,0.8704222440719604,0.18229588866233826,109.39913038492891,119.0,717.6923261196661,5091.0,0.255157,<LOCAL_PATH>
R1,full,Tanks & Temples,train,22.29887580871582,0.799921989440918,0.24833977222442627,115.53567625713158,126.0,629.8587326872404,5667.0,0.22369,<LOCAL_PATH>
R1,full,Deep Blending,drjohnson,29.45853614807129,0.8972563147544861,0.2795383632183075,118.82907237139122,130.0,736.2986310632114,7443.0,0.242613,<LOCAL_PATH>
R1,full,Deep Blending,playroom,30.648900985717773,0.9061083197593689,0.2661961615085602,109.50470537786899,120.0,759.2231694925986,6551.0,0.20057,<LOCAL_PATH>
R1,wo_channel,Mip-NeRF 360,bicycle,24.760908126831055,0.7123165130615234,0.31268632411956787,183.1701585701416,236.0,567.3159004962629,8129.0,0.537199,<LOCAL_PATH>
R1,wo_channel,Mip-NeRF 360,flowers,21.186803817749023,0.5571942329406738,0.40943583846092224,182.62139151144697,232.0,581.2880101593591,7749.0,0.486251,<LOCAL_PATH>
R1,wo_channel,Mip-NeRF 360,garden,27.17032814025879,0.8343677520751953,0.1766921430826187,238.88823492525623,295.0,483.98173244337545,8995.0,0.739323,<LOCAL_PATH>
R1,wo_channel,Mip-NeRF 360,stump,26.62010955810547,0.7540315389633179,0.2993781566619873,162.86936772327044,199.0,613.123517551691,6257.0,0.387996,<LOCAL_PATH>
R1,wo_channel,Mip-NeRF 360,treehill,22.78829002380371,0.6105771660804749,0.43054714798927307,167.64942554537515,209.0,606.2526381572095,7211.0,0.390038,<LOCAL_PATH>
R1,wo_channel,Mip-NeRF 360,room,31.825210571289062,0.9189753532409668,0.21887755393981934,161.1976319017562,200.0,649.4615018251757,9901.0,0.206563,<LOCAL_PATH>
R1,wo_channel,Mip-NeRF 360,counter,29.036962509155273,0.9055660367012024,0.20594815909862518,188.4944503425379,221.0,558.7417019860479,10301.0,0.206777,<LOCAL_PATH>
R1,wo_channel,Mip-NeRF 360,kitchen,31.681867599487305,0.9282457828521729,0.1278502196073532,250.647822922274,289.0,465.78176470564347,12210.0,0.378114,<LOCAL_PATH>
R1,wo_channel,Mip-NeRF 360,bonsai,31.8601016998291,0.9398035407066345,0.19249282777309418,182.62873683210427,220.0,618.5616030554213,11029.0,0.27478,<LOCAL_PATH>
R1,wo_channel,Tanks & Temples,truck,25.648107528686523,0.871367871761322,0.18035779893398285,111.42196714861645,122.0,702.86849212288,5107.0,0.256754,<LOCAL_PATH>
R1,wo_channel,Tanks & Temples,train,22.225507736206055,0.8008597493171692,0.24655643105506897,120.25059471348939,130.0,621.3478028038688,5779.0,0.228843,<LOCAL_PATH>
R1,wo_channel,Deep Blending,drjohnson,29.487548828125,0.8973333835601807,0.2784535884857178,124.74728875179407,137.0,718.5027471827727,7879.0,0.246894,<LOCAL_PATH>
R1,wo_channel,Deep Blending,playroom,30.609601974487305,0.9046737551689148,0.267982542514801,110.89431963724692,122.0,775.3113088737332,7011.0,0.184147,<LOCAL_PATH>
R1,wo_temporal,Mip-NeRF 360,bicycle,24.747663497924805,0.7125431895256042,0.3121987581253052,181.7512937991493,234.0,558.0569644548641,8344.0,0.537306,<LOCAL_PATH>
R1,wo_temporal,Mip-NeRF 360,flowers,21.18785285949707,0.5590657591819763,0.40661361813545227,183.09694312920942,233.0,552.6574828301372,8604.0,0.49207,<LOCAL_PATH>
R1,wo_temporal,Mip-NeRF 360,garden,26.988550186157227,0.8335331082344055,0.17581801116466522,238.8048996207352,296.0,479.92349852272696,8999.0,0.760018,<LOCAL_PATH>
R1,wo_temporal,Mip-NeRF 360,stump,26.66583251953125,0.755566418170929,0.29875752329826355,160.8866200576081,198.0,612.3928584847203,6600.0,0.388375,<LOCAL_PATH>
R1,wo_temporal,Mip-NeRF 360,treehill,22.836557388305664,0.6094717979431152,0.43043839931488037,162.42142032305236,204.0,614.096842990791,7919.0,0.393878,<LOCAL_PATH>
R1,wo_temporal,Mip-NeRF 360,room,31.66459083557129,0.9180140495300293,0.22010166943073273,153.13425142968177,192.0,683.3642067869313,10640.0,0.208661,<LOCAL_PATH>
R1,wo_temporal,Mip-NeRF 360,counter,29.0009822845459,0.9051482677459717,0.2060997486114502,175.41683030201548,207.0,583.0658009147572,10384.0,0.208468,<LOCAL_PATH>
R1,wo_temporal,Mip-NeRF 360,kitchen,31.692941665649414,0.9275437593460083,0.12846256792545319,234.47936542588405,272.0,479.0199737841038,12154.0,0.380341,<LOCAL_PATH>
R1,wo_temporal,Mip-NeRF 360,bonsai,31.99609375,0.9403666853904724,0.19259199500083923,178.74719457737436,216.0,611.8294378895426,9985.0,0.278732,<LOCAL_PATH>
R1,wo_temporal,Tanks & Temples,truck,25.595985412597656,0.8706728219985962,0.18280816078186035,111.79730357173312,122.0,718.3484594991472,5303.0,0.253533,<LOCAL_PATH>
R1,wo_temporal,Tanks & Temples,train,22.29001808166504,0.8004892468452454,0.2480226755142212,114.97976451780782,125.0,626.8651832378365,5813.0,0.223532,<LOCAL_PATH>
R1,wo_temporal,Deep Blending,drjohnson,29.51645851135254,0.8971717953681946,0.27848902344703674,121.72280735699577,134.0,717.1657817140447,7964.0,0.245462,<LOCAL_PATH>
R1,wo_temporal,Deep Blending,playroom,30.31002426147461,0.9029318690299988,0.26652422547340393,109.37764296124867,120.0,767.3703098158138,6855.0,0.198126,<LOCAL_PATH>
R1,wo_densification_aware,Mip-NeRF 360,bicycle,24.700605392456055,0.7088726162910461,0.3158935606479645,176.73867300953768,229.0,566.3061004757815,8437.0,0.537067,<LOCAL_PATH>
R1,wo_densification_aware,Mip-NeRF 360,flowers,21.177934646606445,0.5580276846885681,0.407481849193573,179.94181066040667,230.0,570.6907997532983,8617.0,0.498447,<LOCAL_PATH>
R1,wo_densification_aware,Mip-NeRF 360,garden,27.114091873168945,0.8333671689033508,0.17741042375564575,239.16331296983378,296.0,477.18342174647853,8939.0,0.773614,<LOCAL_PATH>
R1,wo_densification_aware,Mip-NeRF 360,stump,26.661144256591797,0.7556397318840027,0.2978648543357849,157.0290310674841,194.0,593.827977926793,6847.0,0.39476,<LOCAL_PATH>
R1,wo_densification_aware,Mip-NeRF 360,treehill,22.84681510925293,0.6088700890541077,0.4331497848033905,162.2915923984924,204.0,600.434681547412,7137.0,0.399479,<LOCAL_PATH>
R1,wo_densification_aware,Mip-NeRF 360,room,31.791011810302734,0.9170187711715698,0.22076056897640228,153.77649987580466,192.0,666.0127313271653,10681.0,0.211677,<LOCAL_PATH>
R1,wo_densification_aware,Mip-NeRF 360,counter,28.932422637939453,0.9042491316795349,0.207414910197258,176.19714655223805,209.0,585.9998819702386,10959.0,0.209875,<LOCAL_PATH>
R1,wo_densification_aware,Mip-NeRF 360,kitchen,31.65020179748535,0.9272149205207825,0.1288033276796341,234.38457696220823,271.0,481.13299167591987,12965.0,0.382351,<LOCAL_PATH>
R1,wo_densification_aware,Mip-NeRF 360,bonsai,31.873214721679688,0.9394038319587708,0.19375120103359222,171.35849510840757,208.0,625.50310271034,11378.0,0.281787,<LOCAL_PATH>
R1,wo_densification_aware,Tanks & Temples,truck,25.56163787841797,0.8700581789016724,0.18331733345985413,107.72274772936707,117.0,718.3197536859029,5370.0,0.256279,<LOCAL_PATH>
R1,wo_densification_aware,Tanks & Temples,train,22.232507705688477,0.7997117042541504,0.2505718171596527,112.69252454249693,123.0,647.5343205313538,5956.0,0.219157,<LOCAL_PATH>
R1,wo_densification_aware,Deep Blending,drjohnson,29.517187118530273,0.8960161805152893,0.2808619737625122,115.39827767951236,127.0,741.1479500858686,7862.0,0.239812,<LOCAL_PATH>
R1,wo_densification_aware,Deep Blending,playroom,30.68094253540039,0.9055514931678772,0.2671433687210083,107.11338546522524,118.0,771.9300430816754,6826.0,0.205861,<LOCAL_PATH>
R1,wo_ipw,Mip-NeRF 360,bicycle,24.215099334716797,0.6412129998207092,0.3903054893016815,138.528197216744,190.0,710.1926487142857,7842.0,0.244368,<LOCAL_PATH>
R1,wo_ipw,Mip-NeRF 360,flowers,20.436933517456055,0.4842551350593567,0.48199936747550964,135.01827538811418,184.0,747.4537802666545,7733.0,0.202214,<LOCAL_PATH>
R1,wo_ipw,Mip-NeRF 360,garden,26.812978744506836,0.8040432333946228,0.2251880168914795,203.2064666175312,259.0,546.8044978819488,8924.0,0.485573,<LOCAL_PATH>
R1,wo_ipw,Mip-NeRF 360,stump,25.747350692749023,0.693170964717865,0.3770517110824585,125.62039051893355,162.0,757.3065121894219,6292.0,0.166035,<LOCAL_PATH>
R1,wo_ipw,Mip-NeRF 360,treehill,22.733779907226562,0.5706588625907898,0.4845353364944458,134.11244777958711,174.0,732.4320626950242,7050.0,0.168496,<LOCAL_PATH>
R1,wo_ipw,Mip-NeRF 360,room,31.561298370361328,0.9104365706443787,0.23687396943569183,146.25413589479265,184.0,707.1722111093475,10682.0,0.146911,<LOCAL_PATH>
R1,wo_ipw,Mip-NeRF 360,counter,28.8487491607666,0.8980081081390381,0.21911057829856873,167.7233843863076,200.0,606.1129833716207,9940.0,0.171851,<LOCAL_PATH>
R1,wo_ipw,Mip-NeRF 360,kitchen,31.440317153930664,0.921771228313446,0.13883528113365173,226.38266768933724,264.0,490.1226253862648,10860.0,0.313378,<LOCAL_PATH>
R1,wo_ipw,Mip-NeRF 360,bonsai,31.73663902282715,0.9343034625053406,0.20737645030021667,166.03874024165302,204.0,650.4244503577314,10748.0,0.228535,<LOCAL_PATH>
R1,wo_ipw,Tanks & Temples,truck,25.317813873291016,0.8579179644584656,0.19920621812343597,100.50309784903524,111.0,741.316934028871,4970.0,0.194526,<LOCAL_PATH>
R1,wo_ipw,Tanks & Temples,train,22.015905380249023,0.7750754356384277,0.27703961730003357,107.42405931511946,118.0,682.5595177949953,5802.0,0.16812,<LOCAL_PATH>
R1,wo_ipw,Deep Blending,drjohnson,29.133071899414062,0.8904348015785217,0.29303109645843506,111.34390738331028,123.0,762.0014037224012,7478.0,0.182337,<LOCAL_PATH>
R1,wo_ipw,Deep Blending,playroom,30.02435302734375,0.8950743079185486,0.2867943346500397,97.86509968170942,108.0,840.1435969101585,6851.0,0.120936,<LOCAL_PATH>
R1,budget_matched_fullrgb,Mip-NeRF 360,bicycle,24.137117385864258,0.6354261636734009,0.3957848846912384,137.57653255993637,189.0,714.4394251605734,8061.0,0.232382,<LOCAL_PATH>
R1,budget_matched_fullrgb,Mip-NeRF 360,flowers,20.389463424682617,0.4812891185283661,0.4860050082206726,132.77951081932318,182.0,747.915636570881,7655.0,0.194321,<LOCAL_PATH>
R1,budget_matched_fullrgb,Mip-NeRF 360,garden,26.731473922729492,0.8009335994720459,0.22904546558856964,198.79072952852792,255.0,555.1933955570804,8953.0,0.4761,<LOCAL_PATH>
R1,budget_matched_fullrgb,Mip-NeRF 360,stump,25.706329345703125,0.6899516582489014,0.38024240732192993,119.369773219817,155.0,772.1363775548086,6208.0,0.160334,<LOCAL_PATH>
R1,budget_matched_fullrgb,Mip-NeRF 360,treehill,22.61376953125,0.567751944065094,0.4878441095352173,129.77389609729303,171.0,716.3740414246454,6902.0,0.162051,<LOCAL_PATH>
R1,budget_matched_fullrgb,Mip-NeRF 360,room,31.56733512878418,0.909507155418396,0.23870143294334412,141.1016565585308,179.0,726.2764921384342,10736.0,0.144196,<LOCAL_PATH>
R1,budget_matched_fullrgb,Mip-NeRF 360,counter,28.791645050048828,0.8966355919837952,0.2215108573436737,162.52194175805522,195.0,619.2838921028348,9884.0,0.168001,<LOCAL_PATH>
R1,budget_matched_fullrgb,Mip-NeRF 360,kitchen,31.382328033447266,0.9205143451690674,0.14175337553024292,217.48702604405628,255.0,493.7143841108068,12272.0,0.302374,<LOCAL_PATH>
R1,budget_matched_fullrgb,Mip-NeRF 360,bonsai,31.681310653686523,0.9335657954216003,0.20980045199394226,160.95366279229185,198.0,655.1694106282056,9910.0,0.225383,<LOCAL_PATH>
R1,budget_matched_fullrgb,Tanks & Temples,truck,25.291948318481445,0.8571667075157166,0.2022494673728943,98.42638811548794,109.0,742.1456635163642,5198.0,0.190408,<LOCAL_PATH>
R1,budget_matched_fullrgb,Tanks & Temples,train,22.01142120361328,0.7721063494682312,0.28237542510032654,103.76171044743039,114.0,705.3762498751375,5876.0,0.158839,<LOCAL_PATH>
R1,budget_matched_fullrgb,Deep Blending,drjohnson,29.23142433166504,0.8901245594024658,0.2972557842731476,106.26733148427441,118.0,781.3446884108686,7594.0,0.174717,<LOCAL_PATH>
R1,budget_matched_fullrgb,Deep Blending,playroom,29.833202362060547,0.8948410153388977,0.29139840602874756,93.70594764921303,104.0,836.3207841915489,6478.0,0.117468,<LOCAL_PATH>
R2,fastgs_base,Mip-NeRF 360,bicycle,24.833280563354492,0.714408278465271,0.31018996238708496,211.41939087214018,263.0,558.5677972573449,7801.0,0.537126,<LOCAL_PATH>
R2,fastgs_base,Mip-NeRF 360,flowers,21.219924926757812,0.560617983341217,0.4060620367527008,216.714051003332,266.0,583.7354009670677,7711.0,0.487074,<LOCAL_PATH>
R2,fastgs_base,Mip-NeRF 360,garden,27.08207893371582,0.8349230885505676,0.1744508296251297,270.42824130382553,326.0,493.40372290083735,9008.0,0.735531,<LOCAL_PATH>
R2,fastgs_base,Mip-NeRF 360,stump,26.648632049560547,0.755814254283905,0.2967458963394165,180.32581468934035,216.0,625.2084125428527,6178.0,0.38553,<LOCAL_PATH>
R2,fastgs_base,Mip-NeRF 360,treehill,22.867855072021484,0.6123090386390686,0.426491379737854,188.5486049215666,229.0,612.2506918204937,6567.0,0.396821,<LOCAL_PATH>
R2,fastgs_base,Mip-NeRF 360,room,31.939571380615234,0.9196205139160156,0.2169087529182434,179.8115700783548,217.0,667.3819445514285,10181.0,0.207594,<LOCAL_PATH>
R2,fastgs_base,Mip-NeRF 360,counter,29.1614990234375,0.906887412071228,0.20341195166110992,206.47614349421318,239.0,577.9949858182383,9997.0,0.208097,<LOCAL_PATH>
R2,fastgs_base,Mip-NeRF 360,kitchen,31.792308807373047,0.9286131858825684,0.12649671733379364,277.686793377735,315.0,464.5936142683647,12821.0,0.379135,<LOCAL_PATH>
R2,fastgs_base,Mip-NeRF 360,bonsai,32.21897888183594,0.942081868648529,0.19067418575286865,206.04587417200693,245.0,599.1109812421209,9885.0,0.276287,<LOCAL_PATH>
R2,fastgs_base,Tanks & Temples,truck,25.693683624267578,0.8724155426025391,0.17843753099441528,129.35408218920915,140.0,703.6439763616918,4844.0,0.253171,<LOCAL_PATH>
R2,fastgs_base,Tanks & Temples,train,22.48326873779297,0.8056482672691345,0.2411845177412033,131.31296715101345,142.0,630.2686192602043,5285.0,0.231151,<LOCAL_PATH>
R2,fastgs_base,Deep Blending,drjohnson,29.511699676513672,0.897752046585083,0.27439597249031067,142.59254764096463,154.0,708.8254120580632,7498.0,0.249696,<LOCAL_PATH>
R2,fastgs_base,Deep Blending,playroom,30.561967849731445,0.9057368040084839,0.2640685737133026,128.0658642339884,139.0,739.2150227729743,6413.0,0.184785,<LOCAL_PATH>
R2,skipgs_base,Mip-NeRF 360,bicycle,24.78437042236328,0.7134085297584534,0.31136757135391235,191.32424406498066,244.0,555.605857599548,7555.0,0.542387,<LOCAL_PATH>
R2,skipgs_base,Mip-NeRF 360,flowers,21.19542694091797,0.5582242012023926,0.4082973301410675,190.5307063826291,240.0,572.5095418786423,7483.0,0.484349,<LOCAL_PATH>
R2,skipgs_base,Mip-NeRF 360,garden,27.0848445892334,0.8345165252685547,0.176322340965271,242.62264302624652,299.0,490.02353957191355,8521.0,0.742172,<LOCAL_PATH>
R2,skipgs_base,Mip-NeRF 360,stump,26.69810676574707,0.7554296255111694,0.29823294281959534,164.98871177298733,201.0,610.4618651998791,6222.0,0.388543,<LOCAL_PATH>
R2,skipgs_base,Mip-NeRF 360,treehill,22.80047607421875,0.6100899577140808,0.43079084157943726,168.8446230356235,210.0,561.8946517388842,6604.0,0.390954,<LOCAL_PATH>
R2,skipgs_base,Mip-NeRF 360,room,31.811777114868164,0.9194791913032532,0.2186633199453354,161.83522152312216,200.0,668.291614089455,10297.0,0.206546,<LOCAL_PATH>
R2,skipgs_base,Mip-NeRF 360,counter,29.061376571655273,0.9058400392532349,0.2055552452802658,182.57693046155796,214.0,582.6359043212084,10596.0,0.206968,<LOCAL_PATH>
R2,skipgs_base,Mip-NeRF 360,kitchen,31.77630043029785,0.9278008341789246,0.12784811854362488,241.52284020276815,278.0,493.43410136979935,11788.0,0.378236,<LOCAL_PATH>
R2,skipgs_base,Mip-NeRF 360,bonsai,32.046321868896484,0.9411594271659851,0.19230294227600098,181.95440664295344,219.0,619.0138490012126,10693.0,0.276125,<LOCAL_PATH>
R2,skipgs_base,Tanks & Temples,truck,25.685550689697266,0.8713099360466003,0.18037313222885132,110.06637748951036,120.0,717.7253212959827,4795.0,0.254385,<LOCAL_PATH>
R2,skipgs_base,Tanks & Temples,train,22.223180770874023,0.801776647567749,0.24501250684261322,118.20265254750403,129.0,637.6911990706619,5890.0,0.229649,<LOCAL_PATH>
R2,skipgs_base,Deep Blending,drjohnson,29.426589965820312,0.8966385126113892,0.2778579890727997,124.16772919339479,136.0,726.9703216845555,7324.0,0.247715,<LOCAL_PATH>
R2,skipgs_base,Deep Blending,playroom,30.655046463012695,0.9058750867843628,0.26656249165534973,110.35309084322199,121.0,791.7331723103514,6410.0,0.184892,<LOCAL_PATH>
R2,full,Mip-NeRF 360,bicycle,24.73480987548828,0.7116960883140564,0.31319212913513184,175.08076933961618,226.0,582.0309317610414,7900.0,0.537172,<LOCAL_PATH>
R2,full,Mip-NeRF 360,flowers,21.181150436401367,0.5585457682609558,0.4066695272922516,176.6878470150235,226.0,582.3165500508052,7656.0,0.49127,<LOCAL_PATH>
R2,full,Mip-NeRF 360,garden,27.113725662231445,0.8337813019752502,0.17656157910823822,231.87187337761895,288.0,478.54097188219674,8734.0,0.757244,<LOCAL_PATH>
R2,full,Mip-NeRF 360,stump,26.741012573242188,0.7567803859710693,0.29746881127357483,156.30662374698625,192.0,596.8909274411221,6298.0,0.395547,<LOCAL_PATH>
R2,full,Mip-NeRF 360,treehill,22.885643005371094,0.6097977757453918,0.4319137930870056,161.24554706763627,202.0,606.1222224810333,7051.0,0.395467,<LOCAL_PATH>
R2,full,Mip-NeRF 360,room,31.724590301513672,0.9171653389930725,0.22025978565216064,152.11506396622093,190.0,670.8813855883351,10073.0,0.210193,<LOCAL_PATH>
R2,full,Mip-NeRF 360,counter,28.973499298095703,0.9048447012901306,0.2066981941461563,174.05248290274622,206.0,596.7754191144711,9393.0,0.208242,<LOCAL_PATH>
R2,full,Mip-NeRF 360,kitchen,31.597749710083008,0.9271259903907776,0.1289065033197403,233.0873211095783,270.0,469.72271855518323,12039.0,0.379594,<LOCAL_PATH>
R2,full,Mip-NeRF 360,bonsai,31.907217025756836,0.9396309852600098,0.19273117184638977,174.68259831094898,212.0,622.107140343497,10135.0,0.277294,<LOCAL_PATH>
R2,full,Tanks & Temples,truck,25.577558517456055,0.86971515417099,0.18292135000228882,107.80984141518857,117.0,716.2010558845637,5383.0,0.254411,<LOCAL_PATH>
R2,full,Tanks & Temples,train,22.308591842651367,0.8003829717636108,0.24842673540115356,114.18221160035898,124.0,637.4801904785796,5448.0,0.223683,<LOCAL_PATH>
R2,full,Deep Blending,drjohnson,28.93265151977539,0.8912758231163025,0.2802087664604187,118.65218331439375,130.0,728.0534122005197,7504.0,0.243069,<LOCAL_PATH>
R2,full,Deep Blending,playroom,30.61734962463379,0.9040332436561584,0.2660810053348541,107.57472973358834,118.0,781.5352236822924,6326.0,0.198696,<LOCAL_PATH>
R2,wo_channel,Mip-NeRF 360,bicycle,24.777263641357422,0.7129639983177185,0.31201571226119995,181.46187306018223,233.0,565.9263561156533,7614.0,0.536394,<LOCAL_PATH>
R2,wo_channel,Mip-NeRF 360,flowers,21.175691604614258,0.5577688813209534,0.4087170362472534,182.0805428609162,231.0,576.8280509034175,7648.0,0.486999,<LOCAL_PATH>
R2,wo_channel,Mip-NeRF 360,garden,27.1645565032959,0.834100067615509,0.1776220053434372,236.41751569507656,293.0,483.26111783588453,8971.0,0.734353,<LOCAL_PATH>
R2,wo_channel,Mip-NeRF 360,stump,26.67502784729004,0.7551740407943726,0.29854482412338257,161.65541238204477,198.0,612.1697055464043,6034.0,0.387999,<LOCAL_PATH>
R2,wo_channel,Mip-NeRF 360,treehill,22.861661911010742,0.6105018258094788,0.43063315749168396,166.55631914357295,207.0,609.1474778158541,7160.0,0.390954,<LOCAL_PATH>
R2,wo_channel,Mip-NeRF 360,room,31.756444931030273,0.9187266230583191,0.21883778274059296,159.1978350700224,197.0,677.7933973124324,10230.0,0.208,<LOCAL_PATH>
R2,wo_channel,Mip-NeRF 360,counter,29.02477264404297,0.9055851697921753,0.2061341106891632,180.49589571021778,212.0,581.4521931774123,9808.0,0.20726,<LOCAL_PATH>
R2,wo_channel,Mip-NeRF 360,kitchen,31.667640686035156,0.9280003309249878,0.12832888960838318,238.75844453339062,276.0,486.81386603973687,11848.0,0.377328,<LOCAL_PATH>
R2,wo_channel,Mip-NeRF 360,bonsai,32.02447509765625,0.9411208629608154,0.19244638085365295,179.3729974301106,216.0,622.915102135184,9928.0,0.276521,<LOCAL_PATH>
R2,wo_channel,Tanks & Temples,truck,25.594261169433594,0.8707055449485779,0.18174126744270325,109.43219611635351,119.0,711.7369829788294,4920.0,0.254391,<LOCAL_PATH>
R2,wo_channel,Tanks & Temples,train,22.276363372802734,0.8016597628593445,0.24590155482292175,117.83489511810414,128.0,633.8318457594941,5634.0,0.230016,<LOCAL_PATH>
R2,wo_channel,Deep Blending,drjohnson,29.311302185058594,0.897343635559082,0.27815061807632446,122.5743906703864,134.0,737.488759602292,7631.0,0.248859,<LOCAL_PATH>
R2,wo_channel,Deep Blending,playroom,30.749006271362305,0.9056443572044373,0.2682534456253052,109.54656513011037,120.0,786.8853002008674,6369.0,0.185014,<LOCAL_PATH>
R2,wo_temporal,Mip-NeRF 360,bicycle,24.755661010742188,0.7123764157295227,0.3122870922088623,177.36277417920388,229.0,569.0835233578151,7969.0,0.536001,<LOCAL_PATH>
R2,wo_temporal,Mip-NeRF 360,flowers,21.17401123046875,0.5586537718772888,0.40676403045654297,178.7964633672887,228.0,572.0584139237362,7863.0,0.492434,<LOCAL_PATH>
R2,wo_temporal,Mip-NeRF 360,garden,27.027345657348633,0.8338920474052429,0.17631690204143524,233.71927132237755,289.0,479.8996791747331,8771.0,0.75514,<LOCAL_PATH>
R2,wo_temporal,Mip-NeRF 360,stump,26.635330200195312,0.756068229675293,0.29735904932022095,158.58376270381436,195.0,606.7489783371307,6477.0,0.396964,<LOCAL_PATH>
R2,wo_temporal,Mip-NeRF 360,treehill,22.82638168334961,0.609217643737793,0.4298754930496216,163.01404331606335,204.0,604.0517338641472,6639.0,0.395063,<LOCAL_PATH>
R2,wo_temporal,Mip-NeRF 360,room,31.705097198486328,0.9176430106163025,0.22022999823093414,153.92774218739288,192.0,670.5582896028603,10271.0,0.210178,<LOCAL_PATH>
R2,wo_temporal,Mip-NeRF 360,counter,28.99383544921875,0.905306875705719,0.20643219351768494,175.53047201028076,207.0,583.2429201857916,9853.0,0.208208,<LOCAL_PATH>
R2,wo_temporal,Mip-NeRF 360,kitchen,31.635135650634766,0.9271222949028015,0.1285078525543213,234.00767659767746,271.0,481.2978524259964,13071.0,0.381539,<LOCAL_PATH>
R2,wo_temporal,Mip-NeRF 360,bonsai,32.02611541748047,0.9407453536987305,0.19247791171073914,175.26267026744407,212.0,616.1702404475561,10565.0,0.277993,<LOCAL_PATH>
R2,wo_temporal,Tanks & Temples,truck,25.57830047607422,0.8705623149871826,0.18253102898597717,108.70911858882073,118.0,713.3671527930535,5217.0,0.255425,<LOCAL_PATH>
R2,wo_temporal,Tanks & Temples,train,22.259435653686523,0.8001589775085449,0.24762886762619019,114.93804982297075,125.0,646.9631560001209,5693.0,0.223036,<LOCAL_PATH>
R2,wo_temporal,Deep Blending,drjohnson,29.391633987426758,0.8974226713180542,0.2787266969680786,118.74157956047075,131.0,736.1372306014492,7637.0,0.246135,<LOCAL_PATH>
R2,wo_temporal,Deep Blending,playroom,29.566438674926758,0.8999276161193848,0.26683005690574646,108.6826618277198,119.0,782.7978206281912,6473.0,0.198892,<LOCAL_PATH>
R2,wo_densification_aware,Mip-NeRF 360,bicycle,24.702749252319336,0.7093684673309326,0.3152866065502167,173.1610207148611,225.0,576.0557153887228,8093.0,0.537141,<LOCAL_PATH>
R2,wo_densification_aware,Mip-NeRF 360,flowers,21.216392517089844,0.5580623745918274,0.4071633517742157,178.4848443701871,228.0,542.6123818775943,8141.0,0.501213,<LOCAL_PATH>
R2,wo_densification_aware,Mip-NeRF 360,garden,27.08587074279785,0.8331853747367859,0.17715436220169067,234.9301371933327,292.0,478.96473767637656,9134.0,0.775035,<LOCAL_PATH>
R2,wo_densification_aware,Mip-NeRF 360,stump,26.648479461669922,0.7540540099143982,0.29980719089508057,153.95136594640468,190.0,608.9970542592438,6966.0,0.391291,<LOCAL_PATH>
R2,wo_densification_aware,Mip-NeRF 360,treehill,22.77414321899414,0.6089534163475037,0.43212059140205383,160.0341303652211,201.0,612.3217735223135,7200.0,0.394698,<LOCAL_PATH>
R2,wo_densification_aware,Mip-NeRF 360,room,31.72410774230957,0.9170359969139099,0.22148831188678741,151.182832012865,189.0,673.2770532889651,10646.0,0.212486,<LOCAL_PATH>
R2,wo_densification_aware,Mip-NeRF 360,counter,28.964353561401367,0.904090166091919,0.20813672244548798,172.55222725553563,205.0,590.6631551445138,10508.0,0.20987,<LOCAL_PATH>
R2,wo_densification_aware,Mip-NeRF 360,kitchen,31.633380889892578,0.9269189238548279,0.12902426719665527,235.53523917184435,272.0,476.1547580462797,12050.0,0.381476,<LOCAL_PATH>
R2,wo_densification_aware,Mip-NeRF 360,bonsai,31.879413604736328,0.9392247796058655,0.19448451697826385,172.1691778850976,209.0,620.5286109952664,10852.0,0.281527,<LOCAL_PATH>
R2,wo_densification_aware,Tanks & Temples,truck,25.55681037902832,0.8694214820861816,0.1837475299835205,108.68984236694737,119.0,716.4356952475435,5466.0,0.2573,<LOCAL_PATH>
R2,wo_densification_aware,Tanks & Temples,train,22.34942626953125,0.7991731762886047,0.25099194049835205,113.52085241983666,124.0,649.2495931492477,6386.0,0.218433,<LOCAL_PATH>
R2,wo_densification_aware,Deep Blending,drjohnson,29.321624755859375,0.8964359164237976,0.2808912694454193,116.59077167792512,129.0,734.2892731671752,8002.0,0.241738,<LOCAL_PATH>
R2,wo_densification_aware,Deep Blending,playroom,30.408531188964844,0.9046686887741089,0.26775452494621277,107.7066654306156,118.0,759.1424013122747,6674.0,0.204834,<LOCAL_PATH>
R2,wo_ipw,Mip-NeRF 360,bicycle,24.194477081298828,0.640136182308197,0.39101913571357727,138.6794575852583,189.0,709.8486957331742,7806.0,0.243877,<LOCAL_PATH>
R2,wo_ipw,Mip-NeRF 360,flowers,20.443134307861328,0.48486584424972534,0.4817889928817749,132.1873086103073,180.0,758.709446558609,7686.0,0.202593,<LOCAL_PATH>
R2,wo_ipw,Mip-NeRF 360,garden,26.75884437561035,0.8040043711662292,0.22550387680530548,197.01212207155268,253.0,565.8099981479781,8512.0,0.485048,<LOCAL_PATH>
R2,wo_ipw,Mip-NeRF 360,stump,25.74148941040039,0.6935215592384338,0.3770217001438141,122.5747872562275,158.0,779.5722997184338,6330.0,0.166003,<LOCAL_PATH>
R2,wo_ipw,Mip-NeRF 360,treehill,22.64299774169922,0.5693498253822327,0.48507240414619446,130.86936672616216,171.0,748.2176165857882,6766.0,0.168776,<LOCAL_PATH>
R2,wo_ipw,Mip-NeRF 360,room,31.60391616821289,0.911011815071106,0.23593762516975403,142.83761687013774,181.0,734.9659878551606,10514.0,0.147345,<LOCAL_PATH>
R2,wo_ipw,Mip-NeRF 360,counter,28.803157806396484,0.8981300592422485,0.2188674807548523,164.56945844851236,197.0,620.2224676278707,9832.0,0.171648,<LOCAL_PATH>
R2,wo_ipw,Mip-NeRF 360,kitchen,31.49959945678711,0.9218037128448486,0.13856303691864014,219.65042235696228,258.0,491.8270757477937,12162.0,0.312452,<LOCAL_PATH>
R2,wo_ipw,Mip-NeRF 360,bonsai,31.586429595947266,0.9326392412185669,0.20758962631225586,161.38573161442716,198.0,656.5265471251305,10328.0,0.228195,<LOCAL_PATH>
R2,wo_ipw,Tanks & Temples,truck,25.356515884399414,0.8581722378730774,0.1996903419494629,98.69743392495994,108.0,758.0347851420529,4942.0,0.194467,<LOCAL_PATH>
R2,wo_ipw,Tanks & Temples,train,22.201976776123047,0.774986982345581,0.2773568630218506,104.62029960186611,114.0,702.6993116163299,6206.0,0.166916,<LOCAL_PATH>
R2,wo_ipw,Deep Blending,drjohnson,29.260576248168945,0.8917738199234009,0.29297468066215515,108.45445107815301,119.0,789.7959563771072,7274.0,0.182229,<LOCAL_PATH>
R2,wo_ipw,Deep Blending,playroom,30.310941696166992,0.8980318307876587,0.2866499125957489,95.83769333660895,106.0,845.349351824876,6488.0,0.120719,<LOCAL_PATH>
R2,budget_matched_fullrgb,Mip-NeRF 360,bicycle,24.130962371826172,0.6351968050003052,0.3962327241897583,133.8200763401905,185.0,719.8302529196058,7670.0,0.232989,<LOCAL_PATH>
R2,budget_matched_fullrgb,Mip-NeRF 360,flowers,20.39147186279297,0.4805278778076172,0.48649266362190247,128.08067953960747,176.0,762.1995961133842,7506.0,0.194119,<LOCAL_PATH>
R2,budget_matched_fullrgb,Mip-NeRF 360,garden,26.720212936401367,0.8004096150398254,0.2301306277513504,191.8353116435337,247.0,572.0276825208248,8674.0,0.475248,<LOCAL_PATH>
R2,budget_matched_fullrgb,Mip-NeRF 360,stump,25.631793975830078,0.6895946264266968,0.38016700744628906,116.87315614635793,153.0,784.9930096891136,5916.0,0.161444,<LOCAL_PATH>
R2,budget_matched_fullrgb,Mip-NeRF 360,treehill,22.657794952392578,0.5675826668739319,0.4885943830013275,125.84074181711149,166.0,757.1691779984423,6402.0,0.16122,<LOCAL_PATH>
R2,budget_matched_fullrgb,Mip-NeRF 360,room,31.396093368530273,0.9091528058052063,0.23974189162254333,136.7394426862809,175.0,731.254672437959,10070.0,0.143954,<LOCAL_PATH>
R2,budget_matched_fullrgb,Mip-NeRF 360,counter,28.79340171813965,0.8968430757522583,0.22100591659545898,158.73331427724014,191.0,635.3786818120074,9546.0,0.168396,<LOCAL_PATH>
R2,budget_matched_fullrgb,Mip-NeRF 360,kitchen,31.398143768310547,0.9205939173698425,0.1414937525987625,210.56530597836894,248.0,519.9591273293406,11982.0,0.302441,<LOCAL_PATH>
R2,budget_matched_fullrgb,Mip-NeRF 360,bonsai,31.711200714111328,0.9333638548851013,0.20878168940544128,155.62440390086712,193.0,672.780779425447,10096.0,0.225837,<LOCAL_PATH>
R2,budget_matched_fullrgb,Tanks & Temples,truck,25.314659118652344,0.8571888208389282,0.20270973443984985,95.86168264391863,106.0,764.0394366847148,4478.0,0.190713,<LOCAL_PATH>
R2,budget_matched_fullrgb,Tanks & Temples,train,22.060569763183594,0.773318350315094,0.2819462716579437,101.1545595170954,111.0,710.5122683152173,5208.0,0.158999,<LOCAL_PATH>
R2,budget_matched_fullrgb,Deep Blending,drjohnson,29.131229400634766,0.8897801637649536,0.2966761589050293,104.33902562165548,116.0,792.7553530161093,7092.0,0.175244,<LOCAL_PATH>
R2,budget_matched_fullrgb,Deep Blending,playroom,29.986692428588867,0.8948519229888916,0.288350373506546,91.49737345075938,102.0,857.9294112654967,5974.0,0.116277,<LOCAL_PATH>
R3,fastgs_base,Mip-NeRF 360,bicycle,24.839984893798828,0.7149527668952942,0.309543251991272,216.7278367681487,269.0,542.3700086334288,8126.0,0.539521,<LOCAL_PATH>
R3,fastgs_base,Mip-NeRF 360,flowers,21.198774337768555,0.5599334239959717,0.4064369201660156,218.96742123712235,269.0,570.5078489780026,7810.0,0.486776,<LOCAL_PATH>
R3,fastgs_base,Mip-NeRF 360,garden,27.139692306518555,0.8353591561317444,0.17405331134796143,283.732955790951,340.0,456.7112744749786,9238.0,0.742114,<LOCAL_PATH>
R3,fastgs_base,Mip-NeRF 360,stump,26.668079376220703,0.7558202743530273,0.29657837748527527,191.29549245000322,228.0,579.1463333470492,6409.0,0.387444,<LOCAL_PATH>
R3,fastgs_base,Mip-NeRF 360,treehill,22.909114837646484,0.6124265193939209,0.4267631769180298,199.6674139031491,241.0,581.4858801361017,6749.0,0.393555,<LOCAL_PATH>
R3,fastgs_base,Mip-NeRF 360,room,31.981029510498047,0.9200716018676758,0.21695682406425476,184.23240400523542,223.0,652.4171525448245,10557.0,0.207745,<LOCAL_PATH>
R3,fastgs_base,Mip-NeRF 360,counter,29.16512680053711,0.906960129737854,0.20356188714504242,213.5395574773773,247.0,578.6196666372039,9861.0,0.208348,<LOCAL_PATH>
R3,fastgs_base,Mip-NeRF 360,kitchen,31.757062911987305,0.9285037517547607,0.12687987089157104,283.02468229333164,320.0,477.1011843220433,11893.0,0.376543,<LOCAL_PATH>
R3,fastgs_base,Mip-NeRF 360,bonsai,32.257015228271484,0.9420056939125061,0.19077134132385254,209.1436330905302,247.0,614.475771505608,10253.0,0.276212,<LOCAL_PATH>
R3,fastgs_base,Tanks & Temples,truck,25.652019500732422,0.8725431561470032,0.17826762795448303,128.18199096459762,139.0,701.0554515730149,5561.0,0.253401,<LOCAL_PATH>
R3,fastgs_base,Tanks & Temples,train,22.715246200561523,0.8071846961975098,0.24061687290668488,132.4530824551556,143.0,613.648583272621,5597.0,0.230345,<LOCAL_PATH>
R3,fastgs_base,Deep Blending,drjohnson,29.60490608215332,0.8982833027839661,0.2748255133628845,145.10826631421526,157.0,715.0330468086345,7569.0,0.251839,<LOCAL_PATH>
R3,fastgs_base,Deep Blending,playroom,30.415401458740234,0.9043221473693848,0.26608824729919434,126.79353503938017,138.0,784.7119654897132,6669.0,0.185276,<LOCAL_PATH>
R3,skipgs_base,Mip-NeRF 360,bicycle,24.777788162231445,0.712475061416626,0.3126157224178314,188.46969186427947,247.0,548.7905773086619,8041.0,0.534544,<LOCAL_PATH>
R3,skipgs_base,Mip-NeRF 360,flowers,21.167482376098633,0.557884931564331,0.4085480570793152,186.99122341027604,237.0,572.077934445171,8121.0,0.483916,<LOCAL_PATH>
R3,skipgs_base,Mip-NeRF 360,garden,27.14373016357422,0.8341603875160217,0.17639772593975067,243.61275317915258,300.0,480.17169225039265,9101.0,0.739534,<LOCAL_PATH>
R3,skipgs_base,Mip-NeRF 360,stump,26.61171531677246,0.7548412680625916,0.2988414466381073,166.89261515381946,203.0,606.8667918317078,6435.0,0.385392,<LOCAL_PATH>
R3,skipgs_base,Mip-NeRF 360,treehill,22.866172790527344,0.6103975772857666,0.42970991134643555,171.56674440418925,213.0,612.6565347933913,6901.0,0.389743,<LOCAL_PATH>
R3,skipgs_base,Mip-NeRF 360,room,31.727754592895508,0.9189645051956177,0.21858535706996918,163.71341933275187,202.0,676.8256110262105,10689.0,0.206207,<LOCAL_PATH>
R3,skipgs_base,Mip-NeRF 360,counter,29.061016082763672,0.9059579372406006,0.2051970213651657,185.35377450221594,217.0,575.3851694800342,10119.0,0.207448,<LOCAL_PATH>
R3,skipgs_base,Mip-NeRF 360,kitchen,31.713584899902344,0.9279891848564148,0.12792372703552246,249.57592055370677,288.0,477.96843411242975,11665.0,0.378213,<LOCAL_PATH>
R3,skipgs_base,Mip-NeRF 360,bonsai,32.10895919799805,0.9413650035858154,0.19186736643314362,184.64284821186004,222.0,625.1424714612358,10067.0,0.277186,<LOCAL_PATH>
R3,skipgs_base,Tanks & Temples,truck,25.613967895507812,0.8711042404174805,0.1807950884103775,111.71223809298358,122.0,702.8106254226082,5289.0,0.252902,<LOCAL_PATH>
R3,skipgs_base,Tanks & Temples,train,22.423669815063477,0.8025415539741516,0.24514226615428925,121.76437812601203,133.0,620.0638446892408,5985.0,0.230249,<LOCAL_PATH>
R3,skipgs_base,Deep Blending,drjohnson,29.525381088256836,0.8975547552108765,0.2777949869632721,125.29021077066146,137.0,703.9595162170579,7656.0,0.248382,<LOCAL_PATH>
R3,skipgs_base,Deep Blending,playroom,30.654911041259766,0.9032993316650391,0.2668706476688385,112.19410425465668,122.0,776.1470347690575,6591.0,0.185665,<LOCAL_PATH>
R3,full,Mip-NeRF 360,bicycle,24.76919174194336,0.7124070525169373,0.3121313452720642,179.10162952361537,231.0,576.1878012114573,8103.0,0.536565,<LOCAL_PATH>
R3,full,Mip-NeRF 360,flowers,21.194358825683594,0.5583004355430603,0.40665319561958313,179.85292119876948,229.0,563.9535535633681,8119.0,0.495079,<LOCAL_PATH>
R3,full,Mip-NeRF 360,garden,27.151939392089844,0.8339548110961914,0.17605996131896973,236.43687532069393,292.0,471.27919669263036,8987.0,0.761079,<LOCAL_PATH>
R3,full,Mip-NeRF 360,stump,26.652446746826172,0.7558117508888245,0.2981785535812378,158.20619936556352,194.0,603.4080734004084,6363.0,0.391892,<LOCAL_PATH>
R3,full,Mip-NeRF 360,treehill,22.875099182128906,0.6109209656715393,0.43002793192863464,163.62126889093113,204.0,600.8245976966612,7073.0,0.392893,<LOCAL_PATH>
R3,full,Mip-NeRF 360,room,31.721363067626953,0.9176684617996216,0.22003307938575745,154.65716658258324,193.0,670.1998866700819,10327.0,0.210058,<LOCAL_PATH>
R3,full,Mip-NeRF 360,counter,28.958152770996094,0.904458224773407,0.20744094252586365,176.08420303162163,208.0,576.9706517008643,10221.0,0.208449,<LOCAL_PATH>
R3,full,Mip-NeRF 360,kitchen,31.620214462280273,0.9272839426994324,0.12899984419345856,234.79908069801488,272.0,459.4574816478208,11172.0,0.379645,<LOCAL_PATH>
R3,full,Mip-NeRF 360,bonsai,32.00680923461914,0.9402663707733154,0.19312329590320587,175.28739786030783,212.0,613.4117025643482,9805.0,0.277314,<LOCAL_PATH>
R3,full,Tanks & Temples,truck,25.54936408996582,0.870358407497406,0.18288584053516388,109.92444797948255,121.0,708.622104163391,5443.0,0.254874,<LOCAL_PATH>
R3,full,Tanks & Temples,train,22.256183624267578,0.7998561263084412,0.24823050200939178,116.95340548689074,127.0,624.5547152388644,5358.0,0.224354,<LOCAL_PATH>
R3,full,Deep Blending,drjohnson,29.518709182739258,0.8970960974693298,0.27933791279792786,118.57984375354765,130.0,728.6296753744241,7564.0,0.247145,<LOCAL_PATH>
R3,full,Deep Blending,playroom,30.42840003967285,0.9026933312416077,0.26649177074432373,108.83642280768144,120.0,760.9239403296767,6355.0,0.199682,<LOCAL_PATH>
R3,wo_channel,Mip-NeRF 360,bicycle,24.77495574951172,0.7123150825500488,0.313300222158432,185.10178317113042,237.0,564.5218160714602,7921.0,0.53666,<LOCAL_PATH>
R3,wo_channel,Mip-NeRF 360,flowers,21.173974990844727,0.5579574108123779,0.4087313711643219,185.22914771756805,235.0,570.0738810834364,7803.0,0.4859,<LOCAL_PATH>
R3,wo_channel,Mip-NeRF 360,garden,26.97985076904297,0.8329833149909973,0.17784781754016876,240.0233601088325,296.0,484.5528866045124,8515.0,0.735369,<LOCAL_PATH>
R3,wo_channel,Mip-NeRF 360,stump,26.680097579956055,0.7549200057983398,0.2982301712036133,163.2413411786456,199.0,607.6613677465018,6340.0,0.387185,<LOCAL_PATH>
R3,wo_channel,Mip-NeRF 360,treehill,22.867462158203125,0.6099354028701782,0.4312131702899933,169.35298743512038,211.0,608.2957625831682,6571.0,0.390992,<LOCAL_PATH>
R3,wo_channel,Mip-NeRF 360,room,31.824857711791992,0.9188725352287292,0.21858173608779907,161.51008271974385,199.0,671.2519178408618,10285.0,0.207223,<LOCAL_PATH>
R3,wo_channel,Mip-NeRF 360,counter,29.062294006347656,0.9058913588523865,0.20524147152900696,182.48171920366292,215.0,582.4235516259748,9625.0,0.207362,<LOCAL_PATH>
R3,wo_channel,Mip-NeRF 360,kitchen,31.69365882873535,0.9279661774635315,0.1281379759311676,243.20736186881138,280.0,487.4831520181378,11611.0,0.377224,<LOCAL_PATH>
R3,wo_channel,Mip-NeRF 360,bonsai,32.0554084777832,0.9413812160491943,0.1920880526304245,181.34161760549813,218.0,619.240061912974,9671.0,0.278173,<LOCAL_PATH>
R3,wo_channel,Tanks & Temples,truck,25.589969635009766,0.8707830905914307,0.18203234672546387,111.20066588775207,121.0,717.5495730256499,4851.0,0.253155,<LOCAL_PATH>
R3,wo_channel,Tanks & Temples,train,22.301469802856445,0.8024059534072876,0.24513733386993408,118.55573289542524,129.0,624.1205231712901,5413.0,0.229107,<LOCAL_PATH>
R3,wo_channel,Deep Blending,drjohnson,29.418363571166992,0.897034764289856,0.27843743562698364,124.25050981876988,136.0,724.9146043824276,7593.0,0.247572,<LOCAL_PATH>
R3,wo_channel,Deep Blending,playroom,30.428936004638672,0.8993710875511169,0.2685328423976898,111.3215490442392,122.0,763.7556215412276,6621.0,0.185043,<LOCAL_PATH>
R3,wo_temporal,Mip-NeRF 360,bicycle,24.76073455810547,0.7123571634292603,0.3121396601200104,180.13157129052945,233.0,562.7088606725442,8019.0,0.535021,<LOCAL_PATH>
R3,wo_temporal,Mip-NeRF 360,flowers,21.21733856201172,0.5598302483558655,0.40611228346824646,182.32990303798493,231.0,564.4523787152746,7523.0,0.494625,<LOCAL_PATH>
R3,wo_temporal,Mip-NeRF 360,garden,27.126136779785156,0.8339531421661377,0.17585988342761993,237.50064090653208,294.0,477.4653112049822,8529.0,0.7575,<LOCAL_PATH>
R3,wo_temporal,Mip-NeRF 360,stump,26.68830108642578,0.7564409375190735,0.29738765954971313,159.6361938912168,196.0,601.41645247558,6705.0,0.391948,<LOCAL_PATH>
R3,wo_temporal,Mip-NeRF 360,treehill,22.89371681213379,0.6101590991020203,0.4309502840042114,165.58024155220363,206.0,601.0430699435666,7397.0,0.395641,<LOCAL_PATH>
R3,wo_temporal,Mip-NeRF 360,room,31.68528938293457,0.9177416563034058,0.2195492535829544,156.36973427220147,195.0,662.4716615980094,10579.0,0.211408,<LOCAL_PATH>
R3,wo_temporal,Mip-NeRF 360,counter,28.969587326049805,0.9050309658050537,0.20688246190547943,177.23966923085428,209.0,572.8311361941417,10213.0,0.208269,<LOCAL_PATH>
R3,wo_temporal,Mip-NeRF 360,kitchen,31.628826141357422,0.9269030094146729,0.12870274484157562,237.62061433821904,275.0,481.11042003194876,11999.0,0.380551,<LOCAL_PATH>
R3,wo_temporal,Mip-NeRF 360,bonsai,32.058624267578125,0.9405310153961182,0.192186176776886,176.79450600329602,214.0,615.9667092439935,10707.0,0.277404,<LOCAL_PATH>
R3,wo_temporal,Tanks & Temples,truck,25.585176467895508,0.870855987071991,0.1816108226776123,110.25107656964566,120.0,695.2027196136054,4995.0,0.252899,<LOCAL_PATH>
R3,wo_temporal,Tanks & Temples,train,22.356735229492188,0.8009289503097534,0.24699266254901886,116.7268275887887,127.0,638.9758738863407,5459.0,0.222207,<LOCAL_PATH>
R3,wo_temporal,Deep Blending,drjohnson,29.419933319091797,0.8966661095619202,0.2791924774646759,121.25337503744959,133.0,718.4768883170366,7617.0,0.243293,<LOCAL_PATH>
R3,wo_temporal,Deep Blending,playroom,29.9649658203125,0.8998029232025146,0.26916152238845825,110.02913863641422,120.0,760.317657803767,6445.0,0.200634,<LOCAL_PATH>
R3,wo_densification_aware,Mip-NeRF 360,bicycle,24.720928192138672,0.7092207074165344,0.316328227519989,176.08623461506295,228.0,564.7359228782506,8155.0,0.535871,<LOCAL_PATH>
R3,wo_densification_aware,Mip-NeRF 360,flowers,21.18038558959961,0.5581496357917786,0.4076539874076843,179.16264087079978,229.0,567.0446067340165,8275.0,0.500624,<LOCAL_PATH>
R3,wo_densification_aware,Mip-NeRF 360,garden,27.101511001586914,0.8329353332519531,0.17713284492492676,238.7657986462849,295.0,478.7629133339847,8745.0,0.774237,<LOCAL_PATH>
R3,wo_densification_aware,Mip-NeRF 360,stump,26.690345764160156,0.7562252283096313,0.29771190881729126,156.2638366108161,193.0,601.6016878432771,6457.0,0.396642,<LOCAL_PATH>
R3,wo_densification_aware,Mip-NeRF 360,treehill,22.83128547668457,0.6091262102127075,0.43287956714630127,162.82135509500478,204.0,601.9493670756891,6711.0,0.394933,<LOCAL_PATH>
R3,wo_densification_aware,Mip-NeRF 360,room,31.70527458190918,0.9167113900184631,0.2214510291814804,153.0168818259377,192.0,673.8011898995622,10205.0,0.212709,<LOCAL_PATH>
R3,wo_densification_aware,Mip-NeRF 360,counter,28.950328826904297,0.9039966464042664,0.2086009979248047,173.67503720389226,206.0,584.760210481316,10315.0,0.209666,<LOCAL_PATH>
R3,wo_densification_aware,Mip-NeRF 360,kitchen,31.605674743652344,0.9266238808631897,0.12940475344657898,239.30404822572928,276.0,468.5079917838439,11247.0,0.380559,<LOCAL_PATH>
R3,wo_densification_aware,Mip-NeRF 360,bonsai,31.952152252197266,0.9393831491470337,0.194367453455925,174.12114499001447,211.0,616.0821018671503,10621.0,0.280488,<LOCAL_PATH>
R3,wo_densification_aware,Tanks & Temples,truck,25.54874038696289,0.8695402145385742,0.18347769975662231,110.49463382090373,121.0,700.2016425666812,5547.0,0.256849,<LOCAL_PATH>
R3,wo_densification_aware,Tanks & Temples,train,22.280868530273438,0.7995112538337708,0.25141021609306335,114.65211104342511,125.0,652.4075126329608,5703.0,0.218386,<LOCAL_PATH>
R3,wo_densification_aware,Deep Blending,drjohnson,29.37214469909668,0.8961755037307739,0.2813238501548767,118.28965591393555,130.0,711.1676220238372,7603.0,0.242082,<LOCAL_PATH>
R3,wo_densification_aware,Deep Blending,playroom,30.399686813354492,0.9035706520080566,0.26807183027267456,108.57146217074049,119.0,764.594136839268,6587.0,0.202459,<LOCAL_PATH>
R3,wo_ipw,Mip-NeRF 360,bicycle,24.22557830810547,0.641399621963501,0.3900713324546814,139.971515550948,191.0,707.9344192783078,7587.0,0.243427,<LOCAL_PATH>
R3,wo_ipw,Mip-NeRF 360,flowers,20.447847366333008,0.4845156967639923,0.48206567764282227,134.40123996556278,182.0,749.6635906267094,7515.0,0.202387,<LOCAL_PATH>
R3,wo_ipw,Mip-NeRF 360,garden,26.792734146118164,0.8038782477378845,0.22527623176574707,201.0627758989693,257.0,561.6911376782473,8741.0,0.486895,<LOCAL_PATH>
R3,wo_ipw,Mip-NeRF 360,stump,25.777313232421875,0.6944044232368469,0.3753899335861206,123.55909360755618,159.0,767.6396066983201,5901.0,0.166517,<LOCAL_PATH>
R3,wo_ipw,Mip-NeRF 360,treehill,22.70539093017578,0.5682284832000732,0.48551511764526367,132.43244156680586,173.0,726.0587618358273,6345.0,0.167786,<LOCAL_PATH>
R3,wo_ipw,Mip-NeRF 360,room,31.579736709594727,0.9107604622840881,0.23674622178077698,144.0952515914687,182.0,704.8295784366995,10153.0,0.146865,<LOCAL_PATH>
R3,wo_ipw,Mip-NeRF 360,counter,28.833030700683594,0.8978424072265625,0.21888062357902527,166.1951989525582,199.0,620.8850799849132,9887.0,0.171818,<LOCAL_PATH>
R3,wo_ipw,Mip-NeRF 360,kitchen,31.512168884277344,0.9220042824745178,0.13876216113567352,223.05232198582556,260.0,500.56659709018317,11027.0,0.312548,<LOCAL_PATH>
R3,wo_ipw,Mip-NeRF 360,bonsai,31.74297332763672,0.9345871210098267,0.2073782980442047,163.37884720424356,200.0,668.248588795446,9627.0,0.227427,<LOCAL_PATH>
R3,wo_ipw,Tanks & Temples,truck,25.346464157104492,0.8587106466293335,0.19922024011611938,99.43443106979223,109.0,749.0232508967448,4527.0,0.194607,<LOCAL_PATH>
R3,wo_ipw,Tanks & Temples,train,22.033472061157227,0.7748986482620239,0.27861395478248596,105.18538859869807,115.0,706.2084986581185,5205.0,0.167529,<LOCAL_PATH>
R3,wo_ipw,Deep Blending,drjohnson,29.177942276000977,0.8910803198814392,0.29343724250793457,110.03520762766048,122.0,790.5384399484572,7195.0,0.181949,<LOCAL_PATH>
R3,wo_ipw,Deep Blending,playroom,30.055383682250977,0.8937197327613831,0.2862219214439392,95.95132303404982,106.0,854.8485349616185,6147.0,0.121032,<LOCAL_PATH>
R3,budget_matched_fullrgb,Mip-NeRF 360,bicycle,24.128995895385742,0.6361667513847351,0.3951493501663208,135.89347848952474,186.0,717.0990228227356,7437.0,0.232468,<LOCAL_PATH>
R3,budget_matched_fullrgb,Mip-NeRF 360,flowers,20.380144119262695,0.48118171095848083,0.4854303300380707,130.0298649808553,178.0,772.9675379174633,7357.0,0.193552,<LOCAL_PATH>
R3,budget_matched_fullrgb,Mip-NeRF 360,garden,26.68878746032715,0.8013355135917664,0.22992044687271118,195.4005226221502,251.0,568.2553017661635,8421.0,0.474878,<LOCAL_PATH>
R3,budget_matched_fullrgb,Mip-NeRF 360,stump,25.70026397705078,0.6904253363609314,0.38025134801864624,118.26943405045496,154.0,778.111603986596,5969.0,0.161585,<LOCAL_PATH>
R3,budget_matched_fullrgb,Mip-NeRF 360,treehill,22.636037826538086,0.5677422285079956,0.4882112145423889,127.51600513062347,168.0,759.9906583450775,6313.0,0.160399,<LOCAL_PATH>
R3,budget_matched_fullrgb,Mip-NeRF 360,room,31.494384765625,0.90922611951828,0.23938430845737457,138.2944121804474,176.0,723.5903660345929,10261.0,0.14402,<LOCAL_PATH>
R3,budget_matched_fullrgb,Mip-NeRF 360,counter,28.78615379333496,0.8966559767723083,0.22129689157009125,161.49383662659685,193.0,616.1882295912931,9857.0,0.168091,<LOCAL_PATH>
R3,budget_matched_fullrgb,Mip-NeRF 360,kitchen,31.32645034790039,0.9203858375549316,0.1417330503463745,215.49526473437888,252.0,508.37916021337315,11715.0,0.301469,<LOCAL_PATH>
R3,budget_matched_fullrgb,Mip-NeRF 360,bonsai,31.66110610961914,0.9328416585922241,0.2090938836336136,157.49550080048937,195.0,662.4971232882825,9701.0,0.224859,<LOCAL_PATH>
R3,budget_matched_fullrgb,Tanks & Temples,truck,25.33259391784668,0.8569307923316956,0.2030239999294281,96.88701577702955,107.0,753.8177002881816,4665.0,0.190762,<LOCAL_PATH>
R3,budget_matched_fullrgb,Tanks & Temples,train,22.147640228271484,0.7727322578430176,0.28128737211227417,101.4979299175089,111.0,711.3393492768499,5185.0,0.158025,<LOCAL_PATH>
R3,budget_matched_fullrgb,Deep Blending,drjohnson,29.214603424072266,0.890067994594574,0.29644253849983215,105.491353313235,117.0,787.4599932275224,7159.0,0.17509,<LOCAL_PATH>
R3,budget_matched_fullrgb,Deep Blending,playroom,30.26744842529297,0.8966005444526672,0.28878623247146606,92.12188262571858,103.0,858.6436334927267,6035.0,0.11717,<LOCAL_PATH>
