method,phase,optimizer,group,samples,gradient_norm_mean,gradient_norm_std,gradient_rms_mean,first_moment_rms_mean,second_moment_root_mean,first_to_second_moment_ratio_mean
factorgrad_full,active_densification,main,f_dc,16,0.0015647120526409708,0.0007667767564910465,1.8533573573620288e-06,4.99348633553609e-07,2.0163266079009645e-06,0.24343981784142849
factorgrad_full,active_densification,main,opacity,16,0.0011145478201797232,0.0017894605645131635,2.1584236318261674e-06,6.643567174169362e-07,1.703705528655064e-06,0.3321818215020789
factorgrad_full,active_densification,main,rotation,16,0.008007683776668273,0.004675779399879133,8.048484126277344e-06,2.4416549013750455e-06,1.0769725406589714e-05,0.2683357105667753
factorgrad_full,active_densification,main,scaling,16,0.0018780524387693731,0.0022306950947734053,2.1445350064652757e-06,8.720146928986594e-07,3.296561283505639e-06,0.2314103063226593
factorgrad_full,active_densification,main,xyz,16,0.093483648262918,0.0853128491189095,0.00010338580466395797,2.709370056663829e-05,0.00011289535791547678,0.24706243565515615
factorgrad_full,active_densification,sh,f_rest,16,0.018612912244861946,0.00973608096895327,5.66049406103275e-06,1.4336541127590863e-06,3.142121837385048e-06,0.47390427306743266
factorgrad_full,late_refinement,main,f_dc,20,0.008349944779183716,0.0045159853872731555,8.632602066427352e-06,1.5958953127892528e-06,3.889935584311388e-06,0.4187317269842293
factorgrad_full,late_refinement,main,opacity,20,0.004473050683736801,0.006570625790696684,8.912038111930087e-06,1.8070300441763721e-06,3.6007866512477447e-06,0.4863101723931121
factorgrad_full,late_refinement,main,rotation,20,0.049189319787546995,0.03839705519675285,4.6626998573628954e-05,8.847811346868185e-06,1.8047973105694838e-05,0.4870605656334488
factorgrad_full,late_refinement,main,scaling,20,0.011714062944520265,0.0174511253171458,1.3468304990738033e-05,2.723852979613639e-06,5.385466515406279e-06,0.45092298172531525
factorgrad_full,late_refinement,main,xyz,20,0.6318297736346722,0.4682796207082512,0.0006661112172878347,0.00011356131781212753,0.00026285443782398944,0.43752075696723386
factorgrad_full,late_refinement,sh,f_rest,20,0.03169941152445972,0.017348551303930808,8.455887530089967e-06,1.6087221794691686e-06,5.065761303058025e-06,0.3180046361542811
factorgrad_full,post_densification_stabilization,main,f_dc,20,0.0050035543652484195,0.003194048424983526,4.553715822908089e-06,9.040357930700794e-07,1.616255283920509e-06,0.549919845155633
factorgrad_full,post_densification_stabilization,main,opacity,20,0.003056893267785199,0.0047078399613078815,5.249958027775392e-06,9.203197741669555e-07,1.2458263064729636e-06,0.6431277332115382
factorgrad_full,post_densification_stabilization,main,rotation,20,0.024615190556505694,0.020349241983954196,2.0225813801744153e-05,4.013686087489532e-06,6.399969822723506e-06,0.5758487227236416
factorgrad_full,post_densification_stabilization,main,scaling,20,0.007111384415475186,0.010011877949878416,7.0354632157432205e-06,1.2774921611224955e-06,1.9905099705397334e-06,0.5336937931058857
factorgrad_full,post_densification_stabilization,main,xyz,20,0.3603510305285454,0.2799714777602806,0.0003319622854178306,6.41706860051272e-05,0.00011657091363304062,0.5288835417108859
factorgrad_full,post_densification_stabilization,sh,f_rest,20,0.021844179648905993,0.011824755810410459,5.1409320349193875e-06,1.1139693185668875e-06,3.624591403195154e-06,0.32971544137007985
factorgrad_full,warmup,main,f_dc,4,0.0014813413290539756,0.0006818605654431376,2.2270502881838183e-06,1.0421504654800628e-06,2.9500008622562746e-06,0.3409876594911983
factorgrad_full,warmup,main,opacity,4,0.001875120186014101,0.0027694462864659482,4.33831354484937e-06,1.3824002849105455e-06,3.0967188422437175e-06,0.3794409081373292
factorgrad_full,warmup,main,rotation,4,0.01102264178916812,0.0036225299209709607,1.3862151718058158e-05,4.169781789187255e-06,1.2407954727677861e-05,0.3449598492964079
factorgrad_full,warmup,main,scaling,4,0.00213873376196716,0.0021335082249254976,2.945032889556387e-06,1.855200686406988e-06,5.047473052854912e-06,0.36115255540880375
factorgrad_full,warmup,main,xyz,4,0.14047661889344454,0.12395947869570123,0.0001914910062623676,3.079270436501247e-05,0.00010930652388196904,0.27225208969585596
factorgrad_full,warmup,sh,f_rest,4,0.013560892315581441,0.007049421295573004,5.367288338220533e-06,2.3230632848481036e-06,2.332553762585121e-06,0.9572750708680536
skipgs,active_densification,main,f_dc,16,0.0015413263099617325,0.0009503630342628859,1.8426983370289918e-06,5.025823561766174e-07,1.944386429642009e-06,0.25163162583109266
skipgs,active_densification,main,opacity,16,0.001418815159922815,0.002457599672093743,2.726980410372448e-06,5.86164518256993e-07,1.696229421810358e-06,0.3038480404493431
skipgs,active_densification,main,rotation,16,0.008917140366975218,0.0067948933661147355,8.808842977714448e-06,2.192033001335858e-06,9.221399942305197e-06,0.25784848862590015
skipgs,active_densification,main,scaling,16,0.003269627210102044,0.006773440001831797,3.663029923828276e-06,7.258110445995669e-07,3.3075405401206126e-06,0.21935591541264332
skipgs,active_densification,main,xyz,16,0.09214714169502258,0.07669746822647135,0.00010258926204187446,2.7309684810461476e-05,0.00011255507706664503,0.24849701232908825
skipgs,active_densification,sh,f_rest,16,0.018995050544617698,0.010401923432519469,5.813701484669309e-06,1.3577502624428917e-06,3.0250108409290988e-06,0.467519894212434
skipgs,late_refinement,main,f_dc,20,0.007624555553775281,0.004012860700959547,7.774893651912862e-06,1.4914097718587982e-06,3.892088162160689e-06,0.39402079834660747
skipgs,late_refinement,main,opacity,20,0.004627127986168489,0.007115491048814647,9.131119136895905e-06,1.5749024441902293e-06,3.8617528602458154e-06,0.4340506192712859
skipgs,late_refinement,main,rotation,20,0.05014063590206206,0.04088893944838425,4.741864436255128e-05,8.025584975257516e-06,1.764864093729557e-05,0.4600444526140073
skipgs,late_refinement,main,scaling,20,0.01150089495931752,0.0163647269673961,1.2999857591466935e-05,2.3685179925791998e-06,5.436464385866202e-06,0.3906721744526739
skipgs,late_refinement,main,xyz,20,0.5141277313232422,0.3421578642123198,0.0005337877784768353,9.409401864104438e-05,0.00023688323635724374,0.39742015523569424
skipgs,late_refinement,sh,f_rest,20,0.028981907991692424,0.015527569017770141,7.626738329236104e-06,1.5071501437091684e-06,4.9391901882245294e-06,0.304471499812115
skipgs,post_densification_stabilization,main,f_dc,20,0.005166220545652323,0.003258590005464861,4.563728818141044e-06,9.938287199418028e-07,1.6267308637907263e-06,0.601208129178528
skipgs,post_densification_stabilization,main,opacity,20,0.002571599232032895,0.0035725784070954753,4.377423167767347e-06,8.83274510066201e-07,1.2685109837207166e-06,0.6590931647430959
skipgs,post_densification_stabilization,main,rotation,20,0.021711876190965994,0.016928211166550404,1.765975055150193e-05,3.897444790368354e-06,6.545104781707778e-06,0.5690516654330415
skipgs,post_densification_stabilization,main,scaling,20,0.005292340567393694,0.006001341161632114,5.079430079035774e-06,1.1002029488338393e-06,2.182236265468873e-06,0.4563858262599086
skipgs,post_densification_stabilization,main,xyz,20,0.3393809409812093,0.26497227723466366,0.0003115049335974618,6.274951215345936e-05,0.00011438137698860373,0.5282026426041548
skipgs,post_densification_stabilization,sh,f_rest,20,0.022790863830596208,0.011216409147285335,5.22586645388401e-06,1.2402740196648665e-06,3.45360928122318e-06,0.3949859202529785
skipgs,warmup,main,f_dc,4,0.0014702905900776386,0.0008364962657434174,2.2870648592743237e-06,9.585829232605647e-07,2.916555843057722e-06,0.3282261865401405
skipgs,warmup,main,opacity,4,0.0014857203350402415,0.0019940465171754307,3.5114612018105618e-06,1.2006989038582105e-06,2.971364068571347e-06,0.384093891002846
skipgs,warmup,main,rotation,4,0.00926773517858237,0.006662665197158996,1.1452866715444543e-05,4.347234551005386e-06,1.3085448131278099e-05,0.3344617228062948
skipgs,warmup,main,scaling,4,0.002170126375858672,0.002371391267414044,3.022265730123763e-06,1.7906965297243005e-06,5.653420799944797e-06,0.3001273132788804
skipgs,warmup,main,xyz,4,0.14342750050127506,0.13390844917538502,0.00019552846788428724,3.120775045317714e-05,0.00010920249951595906,0.27481644869845706
skipgs,warmup,sh,f_rest,4,0.01239930558949709,0.006210835753288204,4.971372334239277e-06,2.191208167801051e-06,2.3140501639318245e-06,0.9295935896812931
