group,id,method,repetition,dataset,scene,psnr,ssim,lpips,wall_time_s
primary,primary/R1/fastgs_base/bicycle,fastgs_base,R1,mipnerf360,bicycle,24.816343307495117,0.7144729495048523,0.3098362386226654,267.0
primary,primary/R1/fastgs_base/flowers,fastgs_base,R1,mipnerf360,flowers,21.176118850708008,0.5596380233764648,0.40684422850608826,260.0
primary,primary/R1/fastgs_base/garden,fastgs_base,R1,mipnerf360,garden,27.171194076538086,0.8353835940361023,0.17393209040164948,328.0
primary,primary/R1/fastgs_base/stump,fastgs_base,R1,mipnerf360,stump,26.65564727783203,0.7548389434814453,0.29832854866981506,217.0
primary,primary/R1/fastgs_base/treehill,fastgs_base,R1,mipnerf360,treehill,22.922605514526367,0.612570583820343,0.4266967475414276,230.0
primary,primary/R1/fastgs_base/room,fastgs_base,R1,mipnerf360,room,31.891918182373047,0.9199602007865906,0.2172662764787674,213.0
primary,primary/R1/fastgs_base/counter,fastgs_base,R1,mipnerf360,counter,29.15576171875,0.9070416688919067,0.2031906098127365,243.0
primary,primary/R1/fastgs_base/kitchen,fastgs_base,R1,mipnerf360,kitchen,31.779306411743164,0.9285762310028076,0.12662453949451447,319.0
primary,primary/R1/fastgs_base/bonsai,fastgs_base,R1,mipnerf360,bonsai,32.20329666137695,0.9409722089767456,0.1903872936964035,244.0
primary,primary/R1/fastgs_base/truck,fastgs_base,R1,tnt,truck,25.70443344116211,0.8724315166473389,0.1784796267747879,140.0
primary,primary/R1/fastgs_base/train,fastgs_base,R1,tnt,train,22.332260131835938,0.8033003807067871,0.24289803206920624,145.0
primary,primary/R1/fastgs_base/drjohnson,fastgs_base,R1,db,drjohnson,29.4884033203125,0.8979911804199219,0.2752212882041931,159.0
primary,primary/R1/fastgs_base/playroom,fastgs_base,R1,db,playroom,30.348594665527344,0.9044257998466492,0.26470518112182617,138.0
primary,primary/R1/skipgs_base/bicycle,skipgs_base,R1,mipnerf360,bicycle,24.803678512573242,0.71285080909729,0.3118745982646942,239.0
primary,primary/R1/skipgs_base/flowers,skipgs_base,R1,mipnerf360,flowers,21.19464111328125,0.5581705570220947,0.40848448872566223,235.0
primary,primary/R1/skipgs_base/garden,skipgs_base,R1,mipnerf360,garden,27.146657943725586,0.8341342806816101,0.17636756598949432,297.0
primary,primary/R1/skipgs_base/stump,skipgs_base,R1,mipnerf360,stump,26.601110458374023,0.7553930282592773,0.29819411039352417,202.0
primary,primary/R1/skipgs_base/treehill,skipgs_base,R1,mipnerf360,treehill,22.838912963867188,0.6101782917976379,0.4305163025856018,211.0
primary,primary/R1/skipgs_base/room,skipgs_base,R1,mipnerf360,room,31.72152328491211,0.9190576076507568,0.2185230255126953,201.0
primary,primary/R1/skipgs_base/counter,skipgs_base,R1,mipnerf360,counter,29.04987335205078,0.9058548212051392,0.2054423987865448,216.0
primary,primary/R1/skipgs_base/kitchen,skipgs_base,R1,mipnerf360,kitchen,31.701234817504883,0.9276807308197021,0.12823551893234253,282.0
primary,primary/R1/skipgs_base/bonsai,skipgs_base,R1,mipnerf360,bonsai,32.04902648925781,0.9413659572601318,0.19197936356067657,221.0
primary,primary/R1/skipgs_base/truck,skipgs_base,R1,tnt,truck,25.586261749267578,0.8711254596710205,0.1809782087802887,121.0
primary,primary/R1/skipgs_base/train,skipgs_base,R1,tnt,train,22.297122955322266,0.8022491335868835,0.24513530731201172,129.0
primary,primary/R1/skipgs_base/drjohnson,skipgs_base,R1,db,drjohnson,29.395082473754883,0.8975812792778015,0.277330607175827,138.0
primary,primary/R1/skipgs_base/playroom,skipgs_base,R1,db,playroom,30.6140079498291,0.9041120409965515,0.2673068344593048,122.0
primary,primary/R1/full/bicycle,full,R1,mipnerf360,bicycle,24.744094848632812,0.7119355797767639,0.31302374601364136,229.0
primary,primary/R1/full/flowers,full,R1,mipnerf360,flowers,21.16771125793457,0.5584015250205994,0.4073064923286438,228.0
primary,primary/R1/full/garden,full,R1,mipnerf360,garden,27.138534545898438,0.8340632915496826,0.17639614641666412,291.0
primary,primary/R1/full/stump,full,R1,mipnerf360,stump,26.641841888427734,0.7548591494560242,0.29892000555992126,194.0
primary,primary/R1/full/treehill,full,R1,mipnerf360,treehill,22.85276985168457,0.6094557642936707,0.4313873052597046,204.0
primary,primary/R1/full/room,full,R1,mipnerf360,room,31.687713623046875,0.9170254468917847,0.2208058089017868,191.0
primary,primary/R1/full/counter,full,R1,mipnerf360,counter,29.020551681518555,0.90511155128479,0.20678168535232544,208.0
primary,primary/R1/full/kitchen,full,R1,mipnerf360,kitchen,31.57681655883789,0.9271938800811768,0.12896905839443207,273.0
primary,primary/R1/full/bonsai,full,R1,mipnerf360,bonsai,31.966510772705078,0.9403252601623535,0.19299165904521942,213.0
primary,primary/R1/full/truck,full,R1,tnt,truck,25.535003662109375,0.8704222440719604,0.18229588866233826,119.0
primary,primary/R1/full/train,full,R1,tnt,train,22.29887580871582,0.799921989440918,0.24833977222442627,126.0
primary,primary/R1/full/drjohnson,full,R1,db,drjohnson,29.45853614807129,0.8972563147544861,0.2795383632183075,130.0
primary,primary/R1/full/playroom,full,R1,db,playroom,30.648900985717773,0.9061083197593689,0.2661961615085602,120.0
primary,primary/R1/wo_channel/bicycle,wo_channel,R1,mipnerf360,bicycle,24.760908126831055,0.7123165130615234,0.31268632411956787,236.0
primary,primary/R1/wo_channel/flowers,wo_channel,R1,mipnerf360,flowers,21.186803817749023,0.5571942329406738,0.40943583846092224,232.0
primary,primary/R1/wo_channel/garden,wo_channel,R1,mipnerf360,garden,27.17032814025879,0.8343677520751953,0.1766921430826187,295.0
primary,primary/R1/wo_channel/stump,wo_channel,R1,mipnerf360,stump,26.62010955810547,0.7540315389633179,0.2993781566619873,199.0
primary,primary/R1/wo_channel/treehill,wo_channel,R1,mipnerf360,treehill,22.78829002380371,0.6105771660804749,0.43054714798927307,209.0
primary,primary/R1/wo_channel/room,wo_channel,R1,mipnerf360,room,31.825210571289062,0.9189753532409668,0.21887755393981934,200.0
primary,primary/R1/wo_channel/counter,wo_channel,R1,mipnerf360,counter,29.036962509155273,0.9055660367012024,0.20594815909862518,221.0
primary,primary/R1/wo_channel/kitchen,wo_channel,R1,mipnerf360,kitchen,31.681867599487305,0.9282457828521729,0.1278502196073532,289.0
primary,primary/R1/wo_channel/bonsai,wo_channel,R1,mipnerf360,bonsai,31.8601016998291,0.9398035407066345,0.19249282777309418,220.0
primary,primary/R1/wo_channel/truck,wo_channel,R1,tnt,truck,25.648107528686523,0.871367871761322,0.18035779893398285,122.0
primary,primary/R1/wo_channel/train,wo_channel,R1,tnt,train,22.225507736206055,0.8008597493171692,0.24655643105506897,130.0
primary,primary/R1/wo_channel/drjohnson,wo_channel,R1,db,drjohnson,29.487548828125,0.8973333835601807,0.2784535884857178,137.0
primary,primary/R1/wo_channel/playroom,wo_channel,R1,db,playroom,30.609601974487305,0.9046737551689148,0.267982542514801,122.0
primary,primary/R1/wo_temporal/bicycle,wo_temporal,R1,mipnerf360,bicycle,24.747663497924805,0.7125431895256042,0.3121987581253052,234.0
primary,primary/R1/wo_temporal/flowers,wo_temporal,R1,mipnerf360,flowers,21.18785285949707,0.5590657591819763,0.40661361813545227,233.0
primary,primary/R1/wo_temporal/garden,wo_temporal,R1,mipnerf360,garden,26.988550186157227,0.8335331082344055,0.17581801116466522,296.0
primary,primary/R1/wo_temporal/stump,wo_temporal,R1,mipnerf360,stump,26.66583251953125,0.755566418170929,0.29875752329826355,198.0
primary,primary/R1/wo_temporal/treehill,wo_temporal,R1,mipnerf360,treehill,22.836557388305664,0.6094717979431152,0.43043839931488037,204.0
primary,primary/R1/wo_temporal/room,wo_temporal,R1,mipnerf360,room,31.66459083557129,0.9180140495300293,0.22010166943073273,192.0
primary,primary/R1/wo_temporal/counter,wo_temporal,R1,mipnerf360,counter,29.0009822845459,0.9051482677459717,0.2060997486114502,207.0
primary,primary/R1/wo_temporal/kitchen,wo_temporal,R1,mipnerf360,kitchen,31.692941665649414,0.9275437593460083,0.12846256792545319,272.0
primary,primary/R1/wo_temporal/bonsai,wo_temporal,R1,mipnerf360,bonsai,31.99609375,0.9403666853904724,0.19259199500083923,216.0
primary,primary/R1/wo_temporal/truck,wo_temporal,R1,tnt,truck,25.595985412597656,0.8706728219985962,0.18280816078186035,122.0
primary,primary/R1/wo_temporal/train,wo_temporal,R1,tnt,train,22.29001808166504,0.8004892468452454,0.2480226755142212,125.0
primary,primary/R1/wo_temporal/drjohnson,wo_temporal,R1,db,drjohnson,29.51645851135254,0.8971717953681946,0.27848902344703674,134.0
primary,primary/R1/wo_temporal/playroom,wo_temporal,R1,db,playroom,30.31002426147461,0.9029318690299988,0.26652422547340393,120.0
primary,primary/R1/wo_densification_aware/bicycle,wo_densification_aware,R1,mipnerf360,bicycle,24.700605392456055,0.7088726162910461,0.3158935606479645,229.0
primary,primary/R1/wo_densification_aware/flowers,wo_densification_aware,R1,mipnerf360,flowers,21.177934646606445,0.5580276846885681,0.407481849193573,230.0
primary,primary/R1/wo_densification_aware/garden,wo_densification_aware,R1,mipnerf360,garden,27.114091873168945,0.8333671689033508,0.17741042375564575,296.0
primary,primary/R1/wo_densification_aware/stump,wo_densification_aware,R1,mipnerf360,stump,26.661144256591797,0.7556397318840027,0.2978648543357849,194.0
primary,primary/R1/wo_densification_aware/treehill,wo_densification_aware,R1,mipnerf360,treehill,22.84681510925293,0.6088700890541077,0.4331497848033905,204.0
primary,primary/R1/wo_densification_aware/room,wo_densification_aware,R1,mipnerf360,room,31.791011810302734,0.9170187711715698,0.22076056897640228,192.0
primary,primary/R1/wo_densification_aware/counter,wo_densification_aware,R1,mipnerf360,counter,28.932422637939453,0.9042491316795349,0.207414910197258,209.0
primary,primary/R1/wo_densification_aware/kitchen,wo_densification_aware,R1,mipnerf360,kitchen,31.65020179748535,0.9272149205207825,0.1288033276796341,271.0
primary,primary/R1/wo_densification_aware/bonsai,wo_densification_aware,R1,mipnerf360,bonsai,31.873214721679688,0.9394038319587708,0.19375120103359222,208.0
primary,primary/R1/wo_densification_aware/truck,wo_densification_aware,R1,tnt,truck,25.56163787841797,0.8700581789016724,0.18331733345985413,117.0
primary,primary/R1/wo_densification_aware/train,wo_densification_aware,R1,tnt,train,22.232507705688477,0.7997117042541504,0.2505718171596527,123.0
primary,primary/R1/wo_densification_aware/drjohnson,wo_densification_aware,R1,db,drjohnson,29.517187118530273,0.8960161805152893,0.2808619737625122,127.0
primary,primary/R1/wo_densification_aware/playroom,wo_densification_aware,R1,db,playroom,30.68094253540039,0.9055514931678772,0.2671433687210083,118.0
primary,primary/R1/wo_ipw/bicycle,wo_ipw,R1,mipnerf360,bicycle,24.215099334716797,0.6412129998207092,0.3903054893016815,190.0
primary,primary/R1/wo_ipw/flowers,wo_ipw,R1,mipnerf360,flowers,20.436933517456055,0.4842551350593567,0.48199936747550964,184.0
primary,primary/R1/wo_ipw/garden,wo_ipw,R1,mipnerf360,garden,26.812978744506836,0.8040432333946228,0.2251880168914795,259.0
primary,primary/R1/wo_ipw/stump,wo_ipw,R1,mipnerf360,stump,25.747350692749023,0.693170964717865,0.3770517110824585,162.0
primary,primary/R1/wo_ipw/treehill,wo_ipw,R1,mipnerf360,treehill,22.733779907226562,0.5706588625907898,0.4845353364944458,174.0
primary,primary/R1/wo_ipw/room,wo_ipw,R1,mipnerf360,room,31.561298370361328,0.9104365706443787,0.23687396943569183,184.0
primary,primary/R1/wo_ipw/counter,wo_ipw,R1,mipnerf360,counter,28.8487491607666,0.8980081081390381,0.21911057829856873,200.0
primary,primary/R1/wo_ipw/kitchen,wo_ipw,R1,mipnerf360,kitchen,31.440317153930664,0.921771228313446,0.13883528113365173,264.0
primary,primary/R1/wo_ipw/bonsai,wo_ipw,R1,mipnerf360,bonsai,31.73663902282715,0.9343034625053406,0.20737645030021667,204.0
primary,primary/R1/wo_ipw/truck,wo_ipw,R1,tnt,truck,25.317813873291016,0.8579179644584656,0.19920621812343597,111.0
primary,primary/R1/wo_ipw/train,wo_ipw,R1,tnt,train,22.015905380249023,0.7750754356384277,0.27703961730003357,118.0
primary,primary/R1/wo_ipw/drjohnson,wo_ipw,R1,db,drjohnson,29.133071899414062,0.8904348015785217,0.29303109645843506,123.0
primary,primary/R1/wo_ipw/playroom,wo_ipw,R1,db,playroom,30.02435302734375,0.8950743079185486,0.2867943346500397,108.0
primary,primary/R1/budget_matched_fullrgb/bicycle,budget_matched_fullrgb,R1,mipnerf360,bicycle,24.137117385864258,0.6354261636734009,0.3957848846912384,189.0
primary,primary/R1/budget_matched_fullrgb/flowers,budget_matched_fullrgb,R1,mipnerf360,flowers,20.389463424682617,0.4812891185283661,0.4860050082206726,182.0
primary,primary/R1/budget_matched_fullrgb/garden,budget_matched_fullrgb,R1,mipnerf360,garden,26.731473922729492,0.8009335994720459,0.22904546558856964,255.0
primary,primary/R1/budget_matched_fullrgb/stump,budget_matched_fullrgb,R1,mipnerf360,stump,25.706329345703125,0.6899516582489014,0.38024240732192993,155.0
primary,primary/R1/budget_matched_fullrgb/treehill,budget_matched_fullrgb,R1,mipnerf360,treehill,22.61376953125,0.567751944065094,0.4878441095352173,171.0
primary,primary/R1/budget_matched_fullrgb/room,budget_matched_fullrgb,R1,mipnerf360,room,31.56733512878418,0.909507155418396,0.23870143294334412,179.0
primary,primary/R1/budget_matched_fullrgb/counter,budget_matched_fullrgb,R1,mipnerf360,counter,28.791645050048828,0.8966355919837952,0.2215108573436737,195.0
primary,primary/R1/budget_matched_fullrgb/kitchen,budget_matched_fullrgb,R1,mipnerf360,kitchen,31.382328033447266,0.9205143451690674,0.14175337553024292,255.0
primary,primary/R1/budget_matched_fullrgb/bonsai,budget_matched_fullrgb,R1,mipnerf360,bonsai,31.681310653686523,0.9335657954216003,0.20980045199394226,198.0
primary,primary/R1/budget_matched_fullrgb/truck,budget_matched_fullrgb,R1,tnt,truck,25.291948318481445,0.8571667075157166,0.2022494673728943,109.0
primary,primary/R1/budget_matched_fullrgb/train,budget_matched_fullrgb,R1,tnt,train,22.01142120361328,0.7721063494682312,0.28237542510032654,114.0
primary,primary/R1/budget_matched_fullrgb/drjohnson,budget_matched_fullrgb,R1,db,drjohnson,29.23142433166504,0.8901245594024658,0.2972557842731476,118.0
primary,primary/R1/budget_matched_fullrgb/playroom,budget_matched_fullrgb,R1,db,playroom,29.833202362060547,0.8948410153388977,0.29139840602874756,104.0
primary,primary/R2/fastgs_base/bicycle,fastgs_base,R2,mipnerf360,bicycle,24.833280563354492,0.714408278465271,0.31018996238708496,263.0
primary,primary/R2/fastgs_base/flowers,fastgs_base,R2,mipnerf360,flowers,21.219924926757812,0.560617983341217,0.4060620367527008,266.0
primary,primary/R2/fastgs_base/garden,fastgs_base,R2,mipnerf360,garden,27.08207893371582,0.8349230885505676,0.1744508296251297,326.0
primary,primary/R2/fastgs_base/stump,fastgs_base,R2,mipnerf360,stump,26.648632049560547,0.755814254283905,0.2967458963394165,216.0
primary,primary/R2/fastgs_base/treehill,fastgs_base,R2,mipnerf360,treehill,22.867855072021484,0.6123090386390686,0.426491379737854,229.0
primary,primary/R2/fastgs_base/room,fastgs_base,R2,mipnerf360,room,31.939571380615234,0.9196205139160156,0.2169087529182434,217.0
primary,primary/R2/fastgs_base/counter,fastgs_base,R2,mipnerf360,counter,29.1614990234375,0.906887412071228,0.20341195166110992,239.0
primary,primary/R2/fastgs_base/kitchen,fastgs_base,R2,mipnerf360,kitchen,31.792308807373047,0.9286131858825684,0.12649671733379364,315.0
primary,primary/R2/fastgs_base/bonsai,fastgs_base,R2,mipnerf360,bonsai,32.21897888183594,0.942081868648529,0.19067418575286865,245.0
primary,primary/R2/fastgs_base/truck,fastgs_base,R2,tnt,truck,25.693683624267578,0.8724155426025391,0.17843753099441528,140.0
primary,primary/R2/fastgs_base/train,fastgs_base,R2,tnt,train,22.48326873779297,0.8056482672691345,0.2411845177412033,142.0
primary,primary/R2/fastgs_base/drjohnson,fastgs_base,R2,db,drjohnson,29.511699676513672,0.897752046585083,0.27439597249031067,154.0
primary,primary/R2/fastgs_base/playroom,fastgs_base,R2,db,playroom,30.561967849731445,0.9057368040084839,0.2640685737133026,139.0
primary,primary/R2/skipgs_base/bicycle,skipgs_base,R2,mipnerf360,bicycle,24.78437042236328,0.7134085297584534,0.31136757135391235,244.0
primary,primary/R2/skipgs_base/flowers,skipgs_base,R2,mipnerf360,flowers,21.19542694091797,0.5582242012023926,0.4082973301410675,240.0
primary,primary/R2/skipgs_base/garden,skipgs_base,R2,mipnerf360,garden,27.0848445892334,0.8345165252685547,0.176322340965271,299.0
primary,primary/R2/skipgs_base/stump,skipgs_base,R2,mipnerf360,stump,26.69810676574707,0.7554296255111694,0.29823294281959534,201.0
primary,primary/R2/skipgs_base/treehill,skipgs_base,R2,mipnerf360,treehill,22.80047607421875,0.6100899577140808,0.43079084157943726,210.0
primary,primary/R2/skipgs_base/room,skipgs_base,R2,mipnerf360,room,31.811777114868164,0.9194791913032532,0.2186633199453354,200.0
primary,primary/R2/skipgs_base/counter,skipgs_base,R2,mipnerf360,counter,29.061376571655273,0.9058400392532349,0.2055552452802658,214.0
primary,primary/R2/skipgs_base/kitchen,skipgs_base,R2,mipnerf360,kitchen,31.77630043029785,0.9278008341789246,0.12784811854362488,278.0
primary,primary/R2/skipgs_base/bonsai,skipgs_base,R2,mipnerf360,bonsai,32.046321868896484,0.9411594271659851,0.19230294227600098,219.0
primary,primary/R2/skipgs_base/truck,skipgs_base,R2,tnt,truck,25.685550689697266,0.8713099360466003,0.18037313222885132,120.0
primary,primary/R2/skipgs_base/train,skipgs_base,R2,tnt,train,22.223180770874023,0.801776647567749,0.24501250684261322,129.0
primary,primary/R2/skipgs_base/drjohnson,skipgs_base,R2,db,drjohnson,29.426589965820312,0.8966385126113892,0.2778579890727997,136.0
primary,primary/R2/skipgs_base/playroom,skipgs_base,R2,db,playroom,30.655046463012695,0.9058750867843628,0.26656249165534973,121.0
primary,primary/R2/full/bicycle,full,R2,mipnerf360,bicycle,24.73480987548828,0.7116960883140564,0.31319212913513184,226.0
primary,primary/R2/full/flowers,full,R2,mipnerf360,flowers,21.181150436401367,0.5585457682609558,0.4066695272922516,226.0
primary,primary/R2/full/garden,full,R2,mipnerf360,garden,27.113725662231445,0.8337813019752502,0.17656157910823822,288.0
primary,primary/R2/full/stump,full,R2,mipnerf360,stump,26.741012573242188,0.7567803859710693,0.29746881127357483,192.0
primary,primary/R2/full/treehill,full,R2,mipnerf360,treehill,22.885643005371094,0.6097977757453918,0.4319137930870056,202.0
primary,primary/R2/full/room,full,R2,mipnerf360,room,31.724590301513672,0.9171653389930725,0.22025978565216064,190.0
primary,primary/R2/full/counter,full,R2,mipnerf360,counter,28.973499298095703,0.9048447012901306,0.2066981941461563,206.0
primary,primary/R2/full/kitchen,full,R2,mipnerf360,kitchen,31.597749710083008,0.9271259903907776,0.1289065033197403,270.0
primary,primary/R2/full/bonsai,full,R2,mipnerf360,bonsai,31.907217025756836,0.9396309852600098,0.19273117184638977,212.0
primary,primary/R2/full/truck,full,R2,tnt,truck,25.577558517456055,0.86971515417099,0.18292135000228882,117.0
primary,primary/R2/full/train,full,R2,tnt,train,22.308591842651367,0.8003829717636108,0.24842673540115356,124.0
primary,primary/R2/full/drjohnson,full,R2,db,drjohnson,28.93265151977539,0.8912758231163025,0.2802087664604187,130.0
primary,primary/R2/full/playroom,full,R2,db,playroom,30.61734962463379,0.9040332436561584,0.2660810053348541,118.0
primary,primary/R2/wo_channel/bicycle,wo_channel,R2,mipnerf360,bicycle,24.777263641357422,0.7129639983177185,0.31201571226119995,233.0
primary,primary/R2/wo_channel/flowers,wo_channel,R2,mipnerf360,flowers,21.175691604614258,0.5577688813209534,0.4087170362472534,231.0
primary,primary/R2/wo_channel/garden,wo_channel,R2,mipnerf360,garden,27.1645565032959,0.834100067615509,0.1776220053434372,293.0
primary,primary/R2/wo_channel/stump,wo_channel,R2,mipnerf360,stump,26.67502784729004,0.7551740407943726,0.29854482412338257,198.0
primary,primary/R2/wo_channel/treehill,wo_channel,R2,mipnerf360,treehill,22.861661911010742,0.6105018258094788,0.43063315749168396,207.0
primary,primary/R2/wo_channel/room,wo_channel,R2,mipnerf360,room,31.756444931030273,0.9187266230583191,0.21883778274059296,197.0
primary,primary/R2/wo_channel/counter,wo_channel,R2,mipnerf360,counter,29.02477264404297,0.9055851697921753,0.2061341106891632,212.0
primary,primary/R2/wo_channel/kitchen,wo_channel,R2,mipnerf360,kitchen,31.667640686035156,0.9280003309249878,0.12832888960838318,276.0
primary,primary/R2/wo_channel/bonsai,wo_channel,R2,mipnerf360,bonsai,32.02447509765625,0.9411208629608154,0.19244638085365295,216.0
primary,primary/R2/wo_channel/truck,wo_channel,R2,tnt,truck,25.594261169433594,0.8707055449485779,0.18174126744270325,119.0
primary,primary/R2/wo_channel/train,wo_channel,R2,tnt,train,22.276363372802734,0.8016597628593445,0.24590155482292175,128.0
primary,primary/R2/wo_channel/drjohnson,wo_channel,R2,db,drjohnson,29.311302185058594,0.897343635559082,0.27815061807632446,134.0
primary,primary/R2/wo_channel/playroom,wo_channel,R2,db,playroom,30.749006271362305,0.9056443572044373,0.2682534456253052,120.0
primary,primary/R2/wo_temporal/bicycle,wo_temporal,R2,mipnerf360,bicycle,24.755661010742188,0.7123764157295227,0.3122870922088623,229.0
primary,primary/R2/wo_temporal/flowers,wo_temporal,R2,mipnerf360,flowers,21.17401123046875,0.5586537718772888,0.40676403045654297,228.0
primary,primary/R2/wo_temporal/garden,wo_temporal,R2,mipnerf360,garden,27.027345657348633,0.8338920474052429,0.17631690204143524,289.0
primary,primary/R2/wo_temporal/stump,wo_temporal,R2,mipnerf360,stump,26.635330200195312,0.756068229675293,0.29735904932022095,195.0
primary,primary/R2/wo_temporal/treehill,wo_temporal,R2,mipnerf360,treehill,22.82638168334961,0.609217643737793,0.4298754930496216,204.0
primary,primary/R2/wo_temporal/room,wo_temporal,R2,mipnerf360,room,31.705097198486328,0.9176430106163025,0.22022999823093414,192.0
primary,primary/R2/wo_temporal/counter,wo_temporal,R2,mipnerf360,counter,28.99383544921875,0.905306875705719,0.20643219351768494,207.0
primary,primary/R2/wo_temporal/kitchen,wo_temporal,R2,mipnerf360,kitchen,31.635135650634766,0.9271222949028015,0.1285078525543213,271.0
primary,primary/R2/wo_temporal/bonsai,wo_temporal,R2,mipnerf360,bonsai,32.02611541748047,0.9407453536987305,0.19247791171073914,212.0
primary,primary/R2/wo_temporal/truck,wo_temporal,R2,tnt,truck,25.57830047607422,0.8705623149871826,0.18253102898597717,118.0
primary,primary/R2/wo_temporal/train,wo_temporal,R2,tnt,train,22.259435653686523,0.8001589775085449,0.24762886762619019,125.0
primary,primary/R2/wo_temporal/drjohnson,wo_temporal,R2,db,drjohnson,29.391633987426758,0.8974226713180542,0.2787266969680786,131.0
primary,primary/R2/wo_temporal/playroom,wo_temporal,R2,db,playroom,29.566438674926758,0.8999276161193848,0.26683005690574646,119.0
primary,primary/R2/wo_densification_aware/bicycle,wo_densification_aware,R2,mipnerf360,bicycle,24.702749252319336,0.7093684673309326,0.3152866065502167,225.0
primary,primary/R2/wo_densification_aware/flowers,wo_densification_aware,R2,mipnerf360,flowers,21.216392517089844,0.5580623745918274,0.4071633517742157,228.0
primary,primary/R2/wo_densification_aware/garden,wo_densification_aware,R2,mipnerf360,garden,27.08587074279785,0.8331853747367859,0.17715436220169067,292.0
primary,primary/R2/wo_densification_aware/stump,wo_densification_aware,R2,mipnerf360,stump,26.648479461669922,0.7540540099143982,0.29980719089508057,190.0
primary,primary/R2/wo_densification_aware/treehill,wo_densification_aware,R2,mipnerf360,treehill,22.77414321899414,0.6089534163475037,0.43212059140205383,201.0
primary,primary/R2/wo_densification_aware/room,wo_densification_aware,R2,mipnerf360,room,31.72410774230957,0.9170359969139099,0.22148831188678741,189.0
primary,primary/R2/wo_densification_aware/counter,wo_densification_aware,R2,mipnerf360,counter,28.964353561401367,0.904090166091919,0.20813672244548798,205.0
primary,primary/R2/wo_densification_aware/kitchen,wo_densification_aware,R2,mipnerf360,kitchen,31.633380889892578,0.9269189238548279,0.12902426719665527,272.0
primary,primary/R2/wo_densification_aware/bonsai,wo_densification_aware,R2,mipnerf360,bonsai,31.879413604736328,0.9392247796058655,0.19448451697826385,209.0
primary,primary/R2/wo_densification_aware/truck,wo_densification_aware,R2,tnt,truck,25.55681037902832,0.8694214820861816,0.1837475299835205,119.0
primary,primary/R2/wo_densification_aware/train,wo_densification_aware,R2,tnt,train,22.34942626953125,0.7991731762886047,0.25099194049835205,124.0
primary,primary/R2/wo_densification_aware/drjohnson,wo_densification_aware,R2,db,drjohnson,29.321624755859375,0.8964359164237976,0.2808912694454193,129.0
primary,primary/R2/wo_densification_aware/playroom,wo_densification_aware,R2,db,playroom,30.408531188964844,0.9046686887741089,0.26775452494621277,118.0
primary,primary/R2/wo_ipw/bicycle,wo_ipw,R2,mipnerf360,bicycle,24.194477081298828,0.640136182308197,0.39101913571357727,189.0
primary,primary/R2/wo_ipw/flowers,wo_ipw,R2,mipnerf360,flowers,20.443134307861328,0.48486584424972534,0.4817889928817749,180.0
primary,primary/R2/wo_ipw/garden,wo_ipw,R2,mipnerf360,garden,26.75884437561035,0.8040043711662292,0.22550387680530548,253.0
primary,primary/R2/wo_ipw/stump,wo_ipw,R2,mipnerf360,stump,25.74148941040039,0.6935215592384338,0.3770217001438141,158.0
primary,primary/R2/wo_ipw/treehill,wo_ipw,R2,mipnerf360,treehill,22.64299774169922,0.5693498253822327,0.48507240414619446,171.0
primary,primary/R2/wo_ipw/room,wo_ipw,R2,mipnerf360,room,31.60391616821289,0.911011815071106,0.23593762516975403,181.0
primary,primary/R2/wo_ipw/counter,wo_ipw,R2,mipnerf360,counter,28.803157806396484,0.8981300592422485,0.2188674807548523,197.0
primary,primary/R2/wo_ipw/kitchen,wo_ipw,R2,mipnerf360,kitchen,31.49959945678711,0.9218037128448486,0.13856303691864014,258.0
primary,primary/R2/wo_ipw/bonsai,wo_ipw,R2,mipnerf360,bonsai,31.586429595947266,0.9326392412185669,0.20758962631225586,198.0
primary,primary/R2/wo_ipw/truck,wo_ipw,R2,tnt,truck,25.356515884399414,0.8581722378730774,0.1996903419494629,108.0
primary,primary/R2/wo_ipw/train,wo_ipw,R2,tnt,train,22.201976776123047,0.774986982345581,0.2773568630218506,114.0
primary,primary/R2/wo_ipw/drjohnson,wo_ipw,R2,db,drjohnson,29.260576248168945,0.8917738199234009,0.29297468066215515,119.0
primary,primary/R2/wo_ipw/playroom,wo_ipw,R2,db,playroom,30.310941696166992,0.8980318307876587,0.2866499125957489,106.0
primary,primary/R2/budget_matched_fullrgb/bicycle,budget_matched_fullrgb,R2,mipnerf360,bicycle,24.130962371826172,0.6351968050003052,0.3962327241897583,185.0
primary,primary/R2/budget_matched_fullrgb/flowers,budget_matched_fullrgb,R2,mipnerf360,flowers,20.39147186279297,0.4805278778076172,0.48649266362190247,176.0
primary,primary/R2/budget_matched_fullrgb/garden,budget_matched_fullrgb,R2,mipnerf360,garden,26.720212936401367,0.8004096150398254,0.2301306277513504,247.0
primary,primary/R2/budget_matched_fullrgb/stump,budget_matched_fullrgb,R2,mipnerf360,stump,25.631793975830078,0.6895946264266968,0.38016700744628906,153.0
primary,primary/R2/budget_matched_fullrgb/treehill,budget_matched_fullrgb,R2,mipnerf360,treehill,22.657794952392578,0.5675826668739319,0.4885943830013275,166.0
primary,primary/R2/budget_matched_fullrgb/room,budget_matched_fullrgb,R2,mipnerf360,room,31.396093368530273,0.9091528058052063,0.23974189162254333,175.0
primary,primary/R2/budget_matched_fullrgb/counter,budget_matched_fullrgb,R2,mipnerf360,counter,28.79340171813965,0.8968430757522583,0.22100591659545898,191.0
primary,primary/R2/budget_matched_fullrgb/kitchen,budget_matched_fullrgb,R2,mipnerf360,kitchen,31.398143768310547,0.9205939173698425,0.1414937525987625,248.0
primary,primary/R2/budget_matched_fullrgb/bonsai,budget_matched_fullrgb,R2,mipnerf360,bonsai,31.711200714111328,0.9333638548851013,0.20878168940544128,193.0
primary,primary/R2/budget_matched_fullrgb/truck,budget_matched_fullrgb,R2,tnt,truck,25.314659118652344,0.8571888208389282,0.20270973443984985,106.0
primary,primary/R2/budget_matched_fullrgb/train,budget_matched_fullrgb,R2,tnt,train,22.060569763183594,0.773318350315094,0.2819462716579437,111.0
primary,primary/R2/budget_matched_fullrgb/drjohnson,budget_matched_fullrgb,R2,db,drjohnson,29.131229400634766,0.8897801637649536,0.2966761589050293,116.0
primary,primary/R2/budget_matched_fullrgb/playroom,budget_matched_fullrgb,R2,db,playroom,29.986692428588867,0.8948519229888916,0.288350373506546,102.0
primary,primary/R3/fastgs_base/bicycle,fastgs_base,R3,mipnerf360,bicycle,24.839984893798828,0.7149527668952942,0.309543251991272,269.0
primary,primary/R3/fastgs_base/flowers,fastgs_base,R3,mipnerf360,flowers,21.198774337768555,0.5599334239959717,0.4064369201660156,269.0
primary,primary/R3/fastgs_base/garden,fastgs_base,R3,mipnerf360,garden,27.139692306518555,0.8353591561317444,0.17405331134796143,340.0
primary,primary/R3/fastgs_base/stump,fastgs_base,R3,mipnerf360,stump,26.668079376220703,0.7558202743530273,0.29657837748527527,228.0
primary,primary/R3/fastgs_base/treehill,fastgs_base,R3,mipnerf360,treehill,22.909114837646484,0.6124265193939209,0.4267631769180298,241.0
primary,primary/R3/fastgs_base/room,fastgs_base,R3,mipnerf360,room,31.981029510498047,0.9200716018676758,0.21695682406425476,223.0
primary,primary/R3/fastgs_base/counter,fastgs_base,R3,mipnerf360,counter,29.16512680053711,0.906960129737854,0.20356188714504242,247.0
primary,primary/R3/fastgs_base/kitchen,fastgs_base,R3,mipnerf360,kitchen,31.757062911987305,0.9285037517547607,0.12687987089157104,320.0
primary,primary/R3/fastgs_base/bonsai,fastgs_base,R3,mipnerf360,bonsai,32.257015228271484,0.9420056939125061,0.19077134132385254,247.0
primary,primary/R3/fastgs_base/truck,fastgs_base,R3,tnt,truck,25.652019500732422,0.8725431561470032,0.17826762795448303,139.0
primary,primary/R3/fastgs_base/train,fastgs_base,R3,tnt,train,22.715246200561523,0.8071846961975098,0.24061687290668488,143.0
primary,primary/R3/fastgs_base/drjohnson,fastgs_base,R3,db,drjohnson,29.60490608215332,0.8982833027839661,0.2748255133628845,157.0
primary,primary/R3/fastgs_base/playroom,fastgs_base,R3,db,playroom,30.415401458740234,0.9043221473693848,0.26608824729919434,138.0
primary,primary/R3/skipgs_base/bicycle,skipgs_base,R3,mipnerf360,bicycle,24.777788162231445,0.712475061416626,0.3126157224178314,247.0
primary,primary/R3/skipgs_base/flowers,skipgs_base,R3,mipnerf360,flowers,21.167482376098633,0.557884931564331,0.4085480570793152,237.0
primary,primary/R3/skipgs_base/garden,skipgs_base,R3,mipnerf360,garden,27.14373016357422,0.8341603875160217,0.17639772593975067,300.0
primary,primary/R3/skipgs_base/stump,skipgs_base,R3,mipnerf360,stump,26.61171531677246,0.7548412680625916,0.2988414466381073,203.0
primary,primary/R3/skipgs_base/treehill,skipgs_base,R3,mipnerf360,treehill,22.866172790527344,0.6103975772857666,0.42970991134643555,213.0
primary,primary/R3/skipgs_base/room,skipgs_base,R3,mipnerf360,room,31.727754592895508,0.9189645051956177,0.21858535706996918,202.0
primary,primary/R3/skipgs_base/counter,skipgs_base,R3,mipnerf360,counter,29.061016082763672,0.9059579372406006,0.2051970213651657,217.0
primary,primary/R3/skipgs_base/kitchen,skipgs_base,R3,mipnerf360,kitchen,31.713584899902344,0.9279891848564148,0.12792372703552246,288.0
primary,primary/R3/skipgs_base/bonsai,skipgs_base,R3,mipnerf360,bonsai,32.10895919799805,0.9413650035858154,0.19186736643314362,222.0
primary,primary/R3/skipgs_base/truck,skipgs_base,R3,tnt,truck,25.613967895507812,0.8711042404174805,0.1807950884103775,122.0
primary,primary/R3/skipgs_base/train,skipgs_base,R3,tnt,train,22.423669815063477,0.8025415539741516,0.24514226615428925,133.0
primary,primary/R3/skipgs_base/drjohnson,skipgs_base,R3,db,drjohnson,29.525381088256836,0.8975547552108765,0.2777949869632721,137.0
primary,primary/R3/skipgs_base/playroom,skipgs_base,R3,db,playroom,30.654911041259766,0.9032993316650391,0.2668706476688385,122.0
primary,primary/R3/full/bicycle,full,R3,mipnerf360,bicycle,24.76919174194336,0.7124070525169373,0.3121313452720642,231.0
primary,primary/R3/full/flowers,full,R3,mipnerf360,flowers,21.194358825683594,0.5583004355430603,0.40665319561958313,229.0
primary,primary/R3/full/garden,full,R3,mipnerf360,garden,27.151939392089844,0.8339548110961914,0.17605996131896973,292.0
primary,primary/R3/full/stump,full,R3,mipnerf360,stump,26.652446746826172,0.7558117508888245,0.2981785535812378,194.0
primary,primary/R3/full/treehill,full,R3,mipnerf360,treehill,22.875099182128906,0.6109209656715393,0.43002793192863464,204.0
primary,primary/R3/full/room,full,R3,mipnerf360,room,31.721363067626953,0.9176684617996216,0.22003307938575745,193.0
primary,primary/R3/full/counter,full,R3,mipnerf360,counter,28.958152770996094,0.904458224773407,0.20744094252586365,208.0
primary,primary/R3/full/kitchen,full,R3,mipnerf360,kitchen,31.620214462280273,0.9272839426994324,0.12899984419345856,272.0
primary,primary/R3/full/bonsai,full,R3,mipnerf360,bonsai,32.00680923461914,0.9402663707733154,0.19312329590320587,212.0
primary,primary/R3/full/truck,full,R3,tnt,truck,25.54936408996582,0.870358407497406,0.18288584053516388,121.0
primary,primary/R3/full/train,full,R3,tnt,train,22.256183624267578,0.7998561263084412,0.24823050200939178,127.0
primary,primary/R3/full/drjohnson,full,R3,db,drjohnson,29.518709182739258,0.8970960974693298,0.27933791279792786,130.0
primary,primary/R3/full/playroom,full,R3,db,playroom,30.42840003967285,0.9026933312416077,0.26649177074432373,120.0
primary,primary/R3/wo_channel/bicycle,wo_channel,R3,mipnerf360,bicycle,24.77495574951172,0.7123150825500488,0.313300222158432,237.0
primary,primary/R3/wo_channel/flowers,wo_channel,R3,mipnerf360,flowers,21.173974990844727,0.5579574108123779,0.4087313711643219,235.0
primary,primary/R3/wo_channel/garden,wo_channel,R3,mipnerf360,garden,26.97985076904297,0.8329833149909973,0.17784781754016876,296.0
primary,primary/R3/wo_channel/stump,wo_channel,R3,mipnerf360,stump,26.680097579956055,0.7549200057983398,0.2982301712036133,199.0
primary,primary/R3/wo_channel/treehill,wo_channel,R3,mipnerf360,treehill,22.867462158203125,0.6099354028701782,0.4312131702899933,211.0
primary,primary/R3/wo_channel/room,wo_channel,R3,mipnerf360,room,31.824857711791992,0.9188725352287292,0.21858173608779907,199.0
primary,primary/R3/wo_channel/counter,wo_channel,R3,mipnerf360,counter,29.062294006347656,0.9058913588523865,0.20524147152900696,215.0
primary,primary/R3/wo_channel/kitchen,wo_channel,R3,mipnerf360,kitchen,31.69365882873535,0.9279661774635315,0.1281379759311676,280.0
primary,primary/R3/wo_channel/bonsai,wo_channel,R3,mipnerf360,bonsai,32.0554084777832,0.9413812160491943,0.1920880526304245,218.0
primary,primary/R3/wo_channel/truck,wo_channel,R3,tnt,truck,25.589969635009766,0.8707830905914307,0.18203234672546387,121.0
primary,primary/R3/wo_channel/train,wo_channel,R3,tnt,train,22.301469802856445,0.8024059534072876,0.24513733386993408,129.0
primary,primary/R3/wo_channel/drjohnson,wo_channel,R3,db,drjohnson,29.418363571166992,0.897034764289856,0.27843743562698364,136.0
primary,primary/R3/wo_channel/playroom,wo_channel,R3,db,playroom,30.428936004638672,0.8993710875511169,0.2685328423976898,122.0
primary,primary/R3/wo_temporal/bicycle,wo_temporal,R3,mipnerf360,bicycle,24.76073455810547,0.7123571634292603,0.3121396601200104,233.0
primary,primary/R3/wo_temporal/flowers,wo_temporal,R3,mipnerf360,flowers,21.21733856201172,0.5598302483558655,0.40611228346824646,231.0
primary,primary/R3/wo_temporal/garden,wo_temporal,R3,mipnerf360,garden,27.126136779785156,0.8339531421661377,0.17585988342761993,294.0
primary,primary/R3/wo_temporal/stump,wo_temporal,R3,mipnerf360,stump,26.68830108642578,0.7564409375190735,0.29738765954971313,196.0
primary,primary/R3/wo_temporal/treehill,wo_temporal,R3,mipnerf360,treehill,22.89371681213379,0.6101590991020203,0.4309502840042114,206.0
primary,primary/R3/wo_temporal/room,wo_temporal,R3,mipnerf360,room,31.68528938293457,0.9177416563034058,0.2195492535829544,195.0
primary,primary/R3/wo_temporal/counter,wo_temporal,R3,mipnerf360,counter,28.969587326049805,0.9050309658050537,0.20688246190547943,209.0
primary,primary/R3/wo_temporal/kitchen,wo_temporal,R3,mipnerf360,kitchen,31.628826141357422,0.9269030094146729,0.12870274484157562,275.0
primary,primary/R3/wo_temporal/bonsai,wo_temporal,R3,mipnerf360,bonsai,32.058624267578125,0.9405310153961182,0.192186176776886,214.0
primary,primary/R3/wo_temporal/truck,wo_temporal,R3,tnt,truck,25.585176467895508,0.870855987071991,0.1816108226776123,120.0
primary,primary/R3/wo_temporal/train,wo_temporal,R3,tnt,train,22.356735229492188,0.8009289503097534,0.24699266254901886,127.0
primary,primary/R3/wo_temporal/drjohnson,wo_temporal,R3,db,drjohnson,29.419933319091797,0.8966661095619202,0.2791924774646759,133.0
primary,primary/R3/wo_temporal/playroom,wo_temporal,R3,db,playroom,29.9649658203125,0.8998029232025146,0.26916152238845825,120.0
primary,primary/R3/wo_densification_aware/bicycle,wo_densification_aware,R3,mipnerf360,bicycle,24.720928192138672,0.7092207074165344,0.316328227519989,228.0
primary,primary/R3/wo_densification_aware/flowers,wo_densification_aware,R3,mipnerf360,flowers,21.18038558959961,0.5581496357917786,0.4076539874076843,229.0
primary,primary/R3/wo_densification_aware/garden,wo_densification_aware,R3,mipnerf360,garden,27.101511001586914,0.8329353332519531,0.17713284492492676,295.0
primary,primary/R3/wo_densification_aware/stump,wo_densification_aware,R3,mipnerf360,stump,26.690345764160156,0.7562252283096313,0.29771190881729126,193.0
primary,primary/R3/wo_densification_aware/treehill,wo_densification_aware,R3,mipnerf360,treehill,22.83128547668457,0.6091262102127075,0.43287956714630127,204.0
primary,primary/R3/wo_densification_aware/room,wo_densification_aware,R3,mipnerf360,room,31.70527458190918,0.9167113900184631,0.2214510291814804,192.0
primary,primary/R3/wo_densification_aware/counter,wo_densification_aware,R3,mipnerf360,counter,28.950328826904297,0.9039966464042664,0.2086009979248047,206.0
primary,primary/R3/wo_densification_aware/kitchen,wo_densification_aware,R3,mipnerf360,kitchen,31.605674743652344,0.9266238808631897,0.12940475344657898,276.0
primary,primary/R3/wo_densification_aware/bonsai,wo_densification_aware,R3,mipnerf360,bonsai,31.952152252197266,0.9393831491470337,0.194367453455925,211.0
primary,primary/R3/wo_densification_aware/truck,wo_densification_aware,R3,tnt,truck,25.54874038696289,0.8695402145385742,0.18347769975662231,121.0
primary,primary/R3/wo_densification_aware/train,wo_densification_aware,R3,tnt,train,22.280868530273438,0.7995112538337708,0.25141021609306335,125.0
primary,primary/R3/wo_densification_aware/drjohnson,wo_densification_aware,R3,db,drjohnson,29.37214469909668,0.8961755037307739,0.2813238501548767,130.0
primary,primary/R3/wo_densification_aware/playroom,wo_densification_aware,R3,db,playroom,30.399686813354492,0.9035706520080566,0.26807183027267456,119.0
primary,primary/R3/wo_ipw/bicycle,wo_ipw,R3,mipnerf360,bicycle,24.22557830810547,0.641399621963501,0.3900713324546814,191.0
primary,primary/R3/wo_ipw/flowers,wo_ipw,R3,mipnerf360,flowers,20.447847366333008,0.4845156967639923,0.48206567764282227,182.0
primary,primary/R3/wo_ipw/garden,wo_ipw,R3,mipnerf360,garden,26.792734146118164,0.8038782477378845,0.22527623176574707,257.0
primary,primary/R3/wo_ipw/stump,wo_ipw,R3,mipnerf360,stump,25.777313232421875,0.6944044232368469,0.3753899335861206,159.0
primary,primary/R3/wo_ipw/treehill,wo_ipw,R3,mipnerf360,treehill,22.70539093017578,0.5682284832000732,0.48551511764526367,173.0
primary,primary/R3/wo_ipw/room,wo_ipw,R3,mipnerf360,room,31.579736709594727,0.9107604622840881,0.23674622178077698,182.0
primary,primary/R3/wo_ipw/counter,wo_ipw,R3,mipnerf360,counter,28.833030700683594,0.8978424072265625,0.21888062357902527,199.0
primary,primary/R3/wo_ipw/kitchen,wo_ipw,R3,mipnerf360,kitchen,31.512168884277344,0.9220042824745178,0.13876216113567352,260.0
primary,primary/R3/wo_ipw/bonsai,wo_ipw,R3,mipnerf360,bonsai,31.74297332763672,0.9345871210098267,0.2073782980442047,200.0
primary,primary/R3/wo_ipw/truck,wo_ipw,R3,tnt,truck,25.346464157104492,0.8587106466293335,0.19922024011611938,109.0
primary,primary/R3/wo_ipw/train,wo_ipw,R3,tnt,train,22.033472061157227,0.7748986482620239,0.27861395478248596,115.0
primary,primary/R3/wo_ipw/drjohnson,wo_ipw,R3,db,drjohnson,29.177942276000977,0.8910803198814392,0.29343724250793457,122.0
primary,primary/R3/wo_ipw/playroom,wo_ipw,R3,db,playroom,30.055383682250977,0.8937197327613831,0.2862219214439392,106.0
primary,primary/R3/budget_matched_fullrgb/bicycle,budget_matched_fullrgb,R3,mipnerf360,bicycle,24.128995895385742,0.6361667513847351,0.3951493501663208,186.0
primary,primary/R3/budget_matched_fullrgb/flowers,budget_matched_fullrgb,R3,mipnerf360,flowers,20.380144119262695,0.48118171095848083,0.4854303300380707,178.0
primary,primary/R3/budget_matched_fullrgb/garden,budget_matched_fullrgb,R3,mipnerf360,garden,26.68878746032715,0.8013355135917664,0.22992044687271118,251.0
primary,primary/R3/budget_matched_fullrgb/stump,budget_matched_fullrgb,R3,mipnerf360,stump,25.70026397705078,0.6904253363609314,0.38025134801864624,154.0
primary,primary/R3/budget_matched_fullrgb/treehill,budget_matched_fullrgb,R3,mipnerf360,treehill,22.636037826538086,0.5677422285079956,0.4882112145423889,168.0
primary,primary/R3/budget_matched_fullrgb/room,budget_matched_fullrgb,R3,mipnerf360,room,31.494384765625,0.90922611951828,0.23938430845737457,176.0
primary,primary/R3/budget_matched_fullrgb/counter,budget_matched_fullrgb,R3,mipnerf360,counter,28.78615379333496,0.8966559767723083,0.22129689157009125,193.0
primary,primary/R3/budget_matched_fullrgb/kitchen,budget_matched_fullrgb,R3,mipnerf360,kitchen,31.32645034790039,0.9203858375549316,0.1417330503463745,252.0
primary,primary/R3/budget_matched_fullrgb/bonsai,budget_matched_fullrgb,R3,mipnerf360,bonsai,31.66110610961914,0.9328416585922241,0.2090938836336136,195.0
primary,primary/R3/budget_matched_fullrgb/truck,budget_matched_fullrgb,R3,tnt,truck,25.33259391784668,0.8569307923316956,0.2030239999294281,107.0
primary,primary/R3/budget_matched_fullrgb/train,budget_matched_fullrgb,R3,tnt,train,22.147640228271484,0.7727322578430176,0.28128737211227417,111.0
primary,primary/R3/budget_matched_fullrgb/drjohnson,budget_matched_fullrgb,R3,db,drjohnson,29.214603424072266,0.890067994594574,0.29644253849983215,117.0
primary,primary/R3/budget_matched_fullrgb/playroom,budget_matched_fullrgb,R3,db,playroom,30.26744842529297,0.8966005444526672,0.28878623247146606,103.0
sensitivity,sensitivity/single/factorgrad_fastgs/bicycle,factorgrad_fastgs,single,mipnerf360,bicycle,24.812040328979492,0.7134312391281128,0.31118521094322205,255.0
sensitivity,sensitivity/single/factorgrad_fastgs/flowers,factorgrad_fastgs,single,mipnerf360,flowers,21.23541259765625,0.5620777010917664,0.4040164649486542,257.0
sensitivity,sensitivity/single/factorgrad_fastgs/garden,factorgrad_fastgs,single,mipnerf360,garden,27.081087112426758,0.8346701264381409,0.17461960017681122,328.0
sensitivity,sensitivity/single/factorgrad_fastgs/stump,factorgrad_fastgs,single,mipnerf360,stump,26.572757720947266,0.7554331421852112,0.29770025610923767,211.0
sensitivity,sensitivity/single/factorgrad_fastgs/treehill,factorgrad_fastgs,single,mipnerf360,treehill,22.893768310546875,0.611704409122467,0.427916020154953,224.0
sensitivity,sensitivity/single/factorgrad_fastgs/room,factorgrad_fastgs,single,mipnerf360,room,31.805673599243164,0.9183253049850464,0.21878582239151,208.0
sensitivity,sensitivity/single/factorgrad_fastgs/counter,factorgrad_fastgs,single,mipnerf360,counter,29.11831283569336,0.9059969186782837,0.2049146443605423,232.0
sensitivity,sensitivity/single/factorgrad_fastgs/kitchen,factorgrad_fastgs,single,mipnerf360,kitchen,31.782440185546875,0.9282846450805664,0.1274658590555191,306.0
sensitivity,sensitivity/single/factorgrad_fastgs/bonsai,factorgrad_fastgs,single,mipnerf360,bonsai,32.10255432128906,0.940841794013977,0.19112041592597961,231.0
sensitivity,sensitivity/single/factorgrad_fastgs/truck,factorgrad_fastgs,single,tnt,truck,25.702608108520508,0.8718006610870361,0.18000446259975433,135.0
sensitivity,sensitivity/single/factorgrad_fastgs/train,factorgrad_fastgs,single,tnt,train,22.57001304626465,0.8043124675750732,0.24446314573287964,138.0
sensitivity,sensitivity/single/factorgrad_fastgs/drjohnson,factorgrad_fastgs,single,db,drjohnson,29.443525314331055,0.8974667191505432,0.2763060927391052,147.0
sensitivity,sensitivity/single/factorgrad_fastgs/playroom,factorgrad_fastgs,single,db,playroom,29.901371002197266,0.8977293968200684,0.26606956124305725,133.0
sensitivity,sensitivity/single/late/bicycle,late,single,mipnerf360,bicycle,24.75763511657715,0.7113623023033142,0.31337326765060425,237.0
sensitivity,sensitivity/single/late/flowers,late,single,mipnerf360,flowers,21.185152053833008,0.5570977926254272,0.41004666686058044,234.0
sensitivity,sensitivity/single/late/garden,late,single,mipnerf360,garden,27.116308212280273,0.8333951830863953,0.17824389040470123,298.0
sensitivity,sensitivity/single/late/stump,late,single,mipnerf360,stump,26.636497497558594,0.7538318634033203,0.30041879415512085,200.0
sensitivity,sensitivity/single/late/treehill,late,single,mipnerf360,treehill,22.84683609008789,0.610722541809082,0.4308403432369232,212.0
sensitivity,sensitivity/single/late/room,late,single,mipnerf360,room,31.74222755432129,0.9180060029029846,0.21966251730918884,200.0
sensitivity,sensitivity/single/late/counter,late,single,mipnerf360,counter,29.02183723449707,0.9051885604858398,0.20650872588157654,216.0
sensitivity,sensitivity/single/late/kitchen,late,single,mipnerf360,kitchen,31.698339462280273,0.9276430606842041,0.12904006242752075,282.0
sensitivity,sensitivity/single/late/bonsai,late,single,mipnerf360,bonsai,32.006526947021484,0.940688967704773,0.19303937256336212,221.0
sensitivity,sensitivity/single/late/truck,late,single,tnt,truck,25.55365753173828,0.8698977828025818,0.18280914425849915,122.0
sensitivity,sensitivity/single/late/train,late,single,tnt,train,22.361234664916992,0.8032183051109314,0.24617405235767365,131.0
sensitivity,sensitivity/single/late/drjohnson,late,single,db,drjohnson,29.489673614501953,0.8971992135047913,0.2787295877933502,136.0
sensitivity,sensitivity/single/late/playroom,late,single,db,playroom,30.703941345214844,0.9056496620178223,0.266586035490036,122.0
sensitivity,sensitivity/single/q05/bicycle,q05,single,mipnerf360,bicycle,24.733797073364258,0.7106080055236816,0.31467801332473755,232.0
sensitivity,sensitivity/single/q05/flowers,q05,single,mipnerf360,flowers,21.193866729736328,0.5582026243209839,0.4080192744731903,230.0
sensitivity,sensitivity/single/q05/garden,q05,single,mipnerf360,garden,27.11741828918457,0.8333303332328796,0.1768539398908615,294.0
sensitivity,sensitivity/single/q05/stump,q05,single,mipnerf360,stump,26.647842407226562,0.7549285888671875,0.2983431816101074,198.0
sensitivity,sensitivity/single/q05/treehill,q05,single,mipnerf360,treehill,22.856155395507812,0.6095902919769287,0.4323018789291382,206.0
sensitivity,sensitivity/single/q05/room,q05,single,mipnerf360,room,31.70403289794922,0.9168016314506531,0.2204955369234085,194.0
sensitivity,sensitivity/single/q05/counter,q05,single,mipnerf360,counter,28.922178268432617,0.9041334390640259,0.20762227475643158,211.0
sensitivity,sensitivity/single/q05/kitchen,q05,single,mipnerf360,kitchen,31.503236770629883,0.9261053800582886,0.13014620542526245,276.0
sensitivity,sensitivity/single/q05/bonsai,q05,single,mipnerf360,bonsai,32.002689361572266,0.9404848217964172,0.19313208758831024,216.0
sensitivity,sensitivity/single/q05/truck,q05,single,tnt,truck,25.533971786499023,0.8695945739746094,0.18394175171852112,121.0
sensitivity,sensitivity/single/q05/train,q05,single,tnt,train,22.283910751342773,0.7984826564788818,0.2505156993865967,126.0
sensitivity,sensitivity/single/q05/drjohnson,q05,single,db,drjohnson,29.45237922668457,0.8965891003608704,0.2799479067325592,131.0
sensitivity,sensitivity/single/q05/playroom,q05,single,db,playroom,30.44420623779297,0.902705729007721,0.26674458384513855,120.0
sensitivity,sensitivity/single/q08/bicycle,q08,single,mipnerf360,bicycle,24.772188186645508,0.7119504809379578,0.31308355927467346,232.0
sensitivity,sensitivity/single/q08/flowers,q08,single,mipnerf360,flowers,21.18419647216797,0.5584517121315002,0.407375305891037,233.0
sensitivity,sensitivity/single/q08/garden,q08,single,mipnerf360,garden,27.142822265625,0.8341711163520813,0.17615342140197754,294.0
sensitivity,sensitivity/single/q08/stump,q08,single,mipnerf360,stump,26.671085357666016,0.7554098963737488,0.29865357279777527,197.0
sensitivity,sensitivity/single/q08/treehill,q08,single,mipnerf360,treehill,22.712072372436523,0.6086584329605103,0.4322138726711273,207.0
sensitivity,sensitivity/single/q08/room,q08,single,mipnerf360,room,31.778316497802734,0.9177331924438477,0.21973340213298798,195.0
sensitivity,sensitivity/single/q08/counter,q08,single,mipnerf360,counter,28.989864349365234,0.9050283432006836,0.206430122256279,212.0
sensitivity,sensitivity/single/q08/kitchen,q08,single,mipnerf360,kitchen,31.66165542602539,0.9274644255638123,0.1286483108997345,277.0
sensitivity,sensitivity/single/q08/bonsai,q08,single,mipnerf360,bonsai,31.892215728759766,0.9396399259567261,0.19317440688610077,216.0
sensitivity,sensitivity/single/q08/truck,q08,single,tnt,truck,25.557687759399414,0.8699039220809937,0.1832624077796936,121.0
sensitivity,sensitivity/single/q08/train,q08,single,tnt,train,22.332189559936523,0.7996617555618286,0.2486635446548462,129.0
sensitivity,sensitivity/single/q08/drjohnson,q08,single,db,drjohnson,29.371139526367188,0.8959792852401733,0.2785690426826477,133.0
sensitivity,sensitivity/single/q08/playroom,q08,single,db,playroom,30.179319381713867,0.9024277329444885,0.2660631239414215,121.0
sensitivity,sensitivity/single/stabilization0/bicycle,stabilization0,single,mipnerf360,bicycle,24.749958038330078,0.7123939394950867,0.31231603026390076,234.0
sensitivity,sensitivity/single/stabilization0/flowers,stabilization0,single,mipnerf360,flowers,21.180500030517578,0.5587946176528931,0.40680989623069763,231.0
sensitivity,sensitivity/single/stabilization0/garden,stabilization0,single,mipnerf360,garden,27.130186080932617,0.8337705135345459,0.176225483417511,298.0
sensitivity,sensitivity/single/stabilization0/stump,stabilization0,single,mipnerf360,stump,26.633525848388672,0.7553013563156128,0.29875922203063965,197.0
sensitivity,sensitivity/single/stabilization0/treehill,stabilization0,single,mipnerf360,treehill,22.81088638305664,0.6089137196540833,0.43210259079933167,208.0
sensitivity,sensitivity/single/stabilization0/room,stabilization0,single,mipnerf360,room,31.81802749633789,0.9179130792617798,0.21906410157680511,197.0
sensitivity,sensitivity/single/stabilization0/counter,stabilization0,single,mipnerf360,counter,28.98011016845703,0.9046565890312195,0.2070748209953308,213.0
sensitivity,sensitivity/single/stabilization0/kitchen,stabilization0,single,mipnerf360,kitchen,31.617849349975586,0.926820695400238,0.12882596254348755,279.0
sensitivity,sensitivity/single/stabilization0/bonsai,stabilization0,single,mipnerf360,bonsai,31.9727725982666,0.9401344060897827,0.19259794056415558,215.0
sensitivity,sensitivity/single/stabilization0/truck,stabilization0,single,tnt,truck,25.66149139404297,0.8708181381225586,0.18272988498210907,122.0
sensitivity,sensitivity/single/stabilization0/train,stabilization0,single,tnt,train,22.43767547607422,0.8009917140007019,0.24874651432037354,129.0
sensitivity,sensitivity/single/stabilization0/drjohnson,stabilization0,single,db,drjohnson,29.463153839111328,0.8971686959266663,0.27907344698905945,134.0
sensitivity,sensitivity/single/stabilization0/playroom,stabilization0,single,db,playroom,30.401708602905273,0.9020972847938538,0.26585304737091064,121.0
sensitivity,sensitivity/single/stabilization1536/bicycle,stabilization1536,single,mipnerf360,bicycle,24.755041122436523,0.711911678314209,0.31278204917907715,233.0
sensitivity,sensitivity/single/stabilization1536/flowers,stabilization1536,single,mipnerf360,flowers,21.17747688293457,0.5580043196678162,0.40745213627815247,231.0
sensitivity,sensitivity/single/stabilization1536/garden,stabilization1536,single,mipnerf360,garden,27.087249755859375,0.8336439728736877,0.17669762670993805,294.0
sensitivity,sensitivity/single/stabilization1536/stump,stabilization1536,single,mipnerf360,stump,26.69174575805664,0.7564234733581543,0.29743295907974243,197.0
sensitivity,sensitivity/single/stabilization1536/treehill,stabilization1536,single,mipnerf360,treehill,22.845678329467773,0.6100357174873352,0.4310365915298462,206.0
sensitivity,sensitivity/single/stabilization1536/room,stabilization1536,single,mipnerf360,room,31.732158660888672,0.917746901512146,0.22017936408519745,194.0
sensitivity,sensitivity/single/stabilization1536/counter,stabilization1536,single,mipnerf360,counter,28.98094940185547,0.9050242900848389,0.206954225897789,211.0
sensitivity,sensitivity/single/stabilization1536/kitchen,stabilization1536,single,mipnerf360,kitchen,31.635543823242188,0.9267669916152954,0.12942750751972198,277.0
sensitivity,sensitivity/single/stabilization1536/bonsai,stabilization1536,single,mipnerf360,bonsai,31.9490909576416,0.9399797320365906,0.19265207648277283,215.0
sensitivity,sensitivity/single/stabilization1536/truck,stabilization1536,single,tnt,truck,25.567705154418945,0.8701441884040833,0.18290655314922333,120.0
sensitivity,sensitivity/single/stabilization1536/train,stabilization1536,single,tnt,train,22.30647850036621,0.7997909188270569,0.24829967319965363,128.0
sensitivity,sensitivity/single/stabilization1536/drjohnson,stabilization1536,single,db,drjohnson,29.411890029907227,0.8969482779502869,0.27918732166290283,132.0
sensitivity,sensitivity/single/stabilization1536/playroom,stabilization1536,single,db,playroom,30.255699157714844,0.9051468968391418,0.26687127351760864,121.0
baselines,baselines/single/3dgs/bicycle,3dgs,single,mipnerf360,bicycle,25.222827911376953,0.7647764682769775,0.21009187400341034,1883.0
baselines,baselines/single/3dgs/flowers,3dgs,single,mipnerf360,flowers,21.51276969909668,0.6025283932685852,0.33878085017204285,1257.0
baselines,baselines/single/3dgs/garden,3dgs,single,mipnerf360,garden,27.373647689819336,0.8639121651649475,0.10804160684347153,1812.0
baselines,baselines/single/3dgs/stump,3dgs,single,mipnerf360,stump,26.622812271118164,0.7708451747894287,0.21501243114471436,1512.0
baselines,baselines/single/3dgs/treehill,3dgs,single,mipnerf360,treehill,22.64051055908203,0.6346980929374695,0.3249531388282776,1394.0
baselines,baselines/single/3dgs/room,3dgs,single,mipnerf360,room,31.605966567993164,0.9187683463096619,0.21954792737960815,1511.0
baselines,baselines/single/3dgs/counter,3dgs,single,mipnerf360,counter,29.03829574584961,0.9065319895744324,0.2012273520231247,1442.0
baselines,baselines/single/3dgs/kitchen,3dgs,single,mipnerf360,kitchen,31.349567413330078,0.9255997538566589,0.12638971209526062,1777.0
baselines,baselines/single/3dgs/bonsai,3dgs,single,mipnerf360,bonsai,32.23247146606445,0.9400613307952881,0.2054184377193451,1178.0
baselines,baselines/single/3dgs/truck,3dgs,single,tnt,truck,25.45685386657715,0.8808146715164185,0.14349640905857086,1020.0
baselines,baselines/single/3dgs/train,3dgs,single,tnt,train,22.202775955200195,0.8185474872589111,0.19855324923992157,850.0
baselines,baselines/single/3dgs/drjohnson,3dgs,single,db,drjohnson,29.343341827392578,0.9016129374504089,0.23855634033679962,1838.0
baselines,baselines/single/3dgs/playroom,3dgs,single,db,playroom,30.042251586914062,0.90349280834198,0.24344806373119354,1351.0
baselines,baselines/single/dash/bicycle,dash,single,mipnerf360,bicycle,25.414772033691406,0.7698448300361633,0.21440763771533966,502.0
baselines,baselines/single/dash/flowers,dash,single,mipnerf360,flowers,21.860902786254883,0.6146021485328674,0.3285934329032898,383.0
baselines,baselines/single/dash/garden,dash,single,mipnerf360,garden,27.422317504882812,0.8585605621337891,0.12383707612752914,456.0
baselines,baselines/single/dash/stump,dash,single,mipnerf360,stump,27.01138687133789,0.7809906601905823,0.21729230880737305,308.0
baselines,baselines/single/dash/treehill,dash,single,mipnerf360,treehill,22.999059677124023,0.6387157440185547,0.3211416006088257,425.0
baselines,baselines/single/dash/room,dash,single,mipnerf360,room,31.66134262084961,0.9135792851448059,0.2328033745288849,310.0
baselines,baselines/single/dash/counter,dash,single,mipnerf360,counter,28.913482666015625,0.9008864760398865,0.21168488264083862,312.0
baselines,baselines/single/dash/kitchen,dash,single,mipnerf360,kitchen,31.351743698120117,0.9184815287590027,0.14184057712554932,469.0
baselines,baselines/single/dash/bonsai,dash,single,mipnerf360,bonsai,31.926559448242188,0.9366452097892761,0.20819921791553497,284.0
baselines,baselines/single/dash/truck,dash,single,tnt,truck,25.727039337158203,0.8802213668823242,0.15392650663852692,262.0
baselines,baselines/single/dash/train,dash,single,tnt,train,22.180335998535156,0.8140654563903809,0.21072016656398773,302.0
baselines,baselines/single/dash/drjohnson,dash,single,db,drjohnson,29.57023048400879,0.9024189114570618,0.24993813037872314,282.0
baselines,baselines/single/dash/playroom,dash,single,db,playroom,30.249507904052734,0.9009969234466553,0.25237420201301575,217.0
baselines,baselines/single/legs/bicycle,legs,single,mipnerf360,bicycle,25.7445011138916,0.8012199997901917,0.16660529375076294,710.0
baselines,baselines/single/legs/flowers,legs,single,mipnerf360,flowers,22.012569427490234,0.6444658637046814,0.27932921051979065,641.0
baselines,baselines/single/legs/garden,legs,single,mipnerf360,garden,28.110069274902344,0.8818715214729309,0.08922338485717773,958.0
baselines,baselines/single/legs/stump,legs,single,mipnerf360,stump,27.376306533813477,0.8108394145965576,0.17659486830234528,554.0
baselines,baselines/single/legs/treehill,legs,single,mipnerf360,treehill,22.703723907470703,0.6555225253105164,0.27139806747436523,670.0
baselines,baselines/single/legs/room,legs,single,mipnerf360,room,32.48689651489258,0.9308485388755798,0.19220736622810364,553.0
baselines,baselines/single/legs/counter,legs,single,mipnerf360,counter,29.83340835571289,0.9193989038467407,0.17800213396549225,560.0
baselines,baselines/single/legs/kitchen,legs,single,mipnerf360,kitchen,32.70530700683594,0.9364452958106995,0.1149216815829277,956.0
baselines,baselines/single/legs/bonsai,legs,single,mipnerf360,bonsai,33.57744598388672,0.9525139331817627,0.1770176738500595,688.0
baselines,baselines/single/legs/truck,legs,single,tnt,truck,26.544233322143555,0.8958902359008789,0.12454672902822495,662.0
baselines,baselines/single/legs/train,legs,single,tnt,train,22.85004234313965,0.8447755575180054,0.16336318850517273,540.0
baselines,baselines/single/legs/drjohnson,legs,single,db,drjohnson,29.593828201293945,0.9072460532188416,0.22811785340309143,435.0
baselines,baselines/single/legs/playroom,legs,single,db,playroom,30.80726432800293,0.9161080121994019,0.2244446575641632,376.0
baselines,baselines/single/mini/bicycle,mini,single,mipnerf360,bicycle,25.184316635131836,0.7711254954338074,0.2274148166179657,964.0
baselines,baselines/single/mini/flowers,mini,single,mipnerf360,flowers,21.482749938964844,0.6242611408233643,0.32813137769699097,1049.0
baselines,baselines/single/mini/garden,mini,single,mipnerf360,garden,26.778501510620117,0.8439953327178955,0.15023213624954224,1067.0
baselines,baselines/single/mini/stump,mini,single,mipnerf360,stump,27.231582641601562,0.8050812482833862,0.1979837566614151,963.0
baselines,baselines/single/mini/treehill,mini,single,mipnerf360,treehill,22.73662567138672,0.6528946757316589,0.31575363874435425,1053.0
baselines,baselines/single/mini/room,mini,single,mipnerf360,room,31.21393585205078,0.9190070033073425,0.21419578790664673,1473.0
baselines,baselines/single/mini/counter,mini,single,mipnerf360,counter,28.57199478149414,0.9027509093284607,0.2002561241388321,1740.0
baselines,baselines/single/mini/kitchen,mini,single,mipnerf360,kitchen,31.199445724487305,0.9236772656440735,0.13020025193691254,1748.0
baselines,baselines/single/mini/bonsai,mini,single,mipnerf360,bonsai,30.983339309692383,0.9365453720092773,0.20256221294403076,1438.0
baselines,baselines/single/mini/truck,mini,single,tnt,truck,25.118202209472656,0.8702774047851562,0.1599425971508026,755.0
baselines,baselines/single/mini/train,mini,single,tnt,train,21.612987518310547,0.7962276935577393,0.24620863795280457,759.0
baselines,baselines/single/mini/drjohnson,mini,single,db,drjohnson,29.48859214782715,0.9017836451530457,0.2596333622932434,1130.0
baselines,baselines/single/mini/playroom,mini,single,db,playroom,30.3026065826416,0.9065756797790527,0.25267359614372253,989.0
baselines,baselines/single/shorter/bicycle,shorter,single,mipnerf360,bicycle,25.1765862,0.7599278,0.2230255,245.0
baselines,baselines/single/shorter/flowers,shorter,single,mipnerf360,flowers,21.6437359,0.6059107,0.328974,213.0
baselines,baselines/single/shorter/garden,shorter,single,mipnerf360,garden,27.1132412,0.8579576,0.1133426,300.0
baselines,baselines/single/shorter/stump,shorter,single,mipnerf360,stump,26.6613102,0.7676089,0.2392395,168.0
baselines,baselines/single/shorter/treehill,shorter,single,mipnerf360,treehill,22.4498863,0.6196572,0.3433633,206.0
baselines,baselines/single/shorter/room,shorter,single,mipnerf360,room,30.8878841,0.9161307,0.2209997,148.0
baselines,baselines/single/shorter/counter,shorter,single,mipnerf360,counter,28.4253693,0.899012,0.2093093,160.0
baselines,baselines/single/shorter/kitchen,shorter,single,mipnerf360,kitchen,31.2891674,0.9255736,0.127892,212.0
baselines,baselines/single/shorter/bonsai,shorter,single,mipnerf360,bonsai,31.4650002,0.9354725,0.2100519,142.0
baselines,baselines/single/shorter/truck,shorter,single,tnt,truck,25.2366009,0.8760515,0.1435164,193.0
baselines,baselines/single/shorter/train,shorter,single,tnt,train,21.5572186,0.8101478,0.2004924,191.0
baselines,baselines/single/shorter/drjohnson,shorter,single,db,drjohnson,29.0145226,0.894284,0.2504205,144.0
baselines,baselines/single/shorter/playroom,shorter,single,db,playroom,30.03932,0.9003456,0.2462554,123.0
baselines,baselines/single/speedy/bicycle,speedy,single,mipnerf360,bicycle,24.839492797851562,0.7211524844169617,0.30809277296066284,1064.0
baselines,baselines/single/speedy/flowers,speedy,single,mipnerf360,flowers,21.324216842651367,0.5762096643447876,0.3978249430656433,866.0
baselines,baselines/single/speedy/garden,speedy,single,mipnerf360,garden,26.686655044555664,0.8267361521720886,0.1887977123260498,1099.0
baselines,baselines/single/speedy/stump,speedy,single,mipnerf360,stump,26.718019485473633,0.7701936364173889,0.2594629228115082,934.0
baselines,baselines/single/speedy/treehill,speedy,single,mipnerf360,treehill,22.475168228149414,0.5917802453041077,0.4469009041786194,850.0
baselines,baselines/single/speedy/room,speedy,single,mipnerf360,room,30.654550552368164,0.8930684328079224,0.2820383310317993,991.0
baselines,baselines/single/speedy/counter,speedy,single,mipnerf360,counter,28.089860916137695,0.8669177889823914,0.27567988634109497,1004.0
baselines,baselines/single/speedy/kitchen,speedy,single,mipnerf360,kitchen,29.82115364074707,0.8879141807556152,0.20338678359985352,1095.0
baselines,baselines/single/speedy/bonsai,speedy,single,mipnerf360,bonsai,31.004968643188477,0.9179641008377075,0.2533506453037262,950.0
baselines,baselines/single/speedy/truck,speedy,single,tnt,truck,25.16314697265625,0.8638572692871094,0.1911032646894455,609.0
baselines,baselines/single/speedy/train,speedy,single,tnt,train,21.674575805664062,0.7691748738288879,0.29057759046554565,471.0
baselines,baselines/single/speedy/drjohnson,speedy,single,db,drjohnson,29.081867218017578,0.8972283005714417,0.2690874934196472,979.0
baselines,baselines/single/speedy/playroom,speedy,single,db,playroom,29.980810165405273,0.9012686610221863,0.27394217252731323,800.0
baselines,baselines/single/taming/bicycle,taming,single,mipnerf360,bicycle,24.854429244995117,0.717934250831604,0.2946262061595917,391.0
baselines,baselines/single/taming/flowers,taming,single,mipnerf360,flowers,21.0452823638916,0.5560699105262756,0.4088977873325348,316.0
baselines,baselines/single/taming/garden,taming,single,mipnerf360,garden,27.383031845092773,0.8553345799446106,0.12689615786075592,689.0
baselines,baselines/single/taming/stump,taming,single,mipnerf360,stump,25.922060012817383,0.7308372259140015,0.29436013102531433,267.0
baselines,baselines/single/taming/treehill,taming,single,mipnerf360,treehill,22.919612884521484,0.6256265044212341,0.3861047327518463,376.0
baselines,baselines/single/taming/room,taming,single,mipnerf360,room,31.500057220458984,0.9077798128128052,0.25051766633987427,332.0
baselines,baselines/single/taming/counter,taming,single,mipnerf360,counter,28.97455596923828,0.8995964527130127,0.2206735759973526,399.0
baselines,baselines/single/taming/kitchen,taming,single,mipnerf360,kitchen,31.27688980102539,0.9215918183326721,0.13963516056537628,490.0
baselines,baselines/single/taming/bonsai,taming,single,mipnerf360,bonsai,32.1524543762207,0.9360488653182983,0.22045810520648956,387.0
baselines,baselines/single/taming/truck,taming,single,tnt,truck,25.267642974853516,0.865276038646698,0.18357741832733154,205.0
baselines,baselines/single/taming/train,taming,single,tnt,train,22.615747451782227,0.8074641227722168,0.23305130004882812,250.0
baselines,baselines/single/taming/drjohnson,taming,single,db,drjohnson,29.236461639404297,0.8964071273803711,0.2699967920780182,276.0
baselines,baselines/single/taming/playroom,taming,single,db,playroom,30.09851837158203,0.8968109488487244,0.2781614661216736,210.0
transfer,transfer/single/vanilla_factorgrad_late/drjohnson,vanilla_factorgrad_late,single,db,drjohnson,29.35883140563965,0.9025806188583374,0.23953476548194885,
transfer,transfer/single/vanilla_factorgrad_late/playroom,vanilla_factorgrad_late,single,db,playroom,29.93326187133789,0.9037132263183594,0.24546808004379272,
transfer,transfer/single/vanilla_factorgrad_late/bicycle,vanilla_factorgrad_late,single,mipnerf360,bicycle,25.163610458374023,0.7479591965675354,0.2435295432806015,
transfer,transfer/single/vanilla_factorgrad_late/bonsai,vanilla_factorgrad_late,single,mipnerf360,bonsai,32.401092529296875,0.9453020095825195,0.1818726807832718,
transfer,transfer/single/vanilla_factorgrad_late/counter,vanilla_factorgrad_late,single,mipnerf360,counter,29.063148498535156,0.9130573868751526,0.18515273928642273,
transfer,transfer/single/vanilla_factorgrad_late/flowers,vanilla_factorgrad_late,single,mipnerf360,flowers,21.36545181274414,0.5851444602012634,0.3619022071361542,
transfer,transfer/single/vanilla_factorgrad_late/garden,vanilla_factorgrad_late,single,mipnerf360,garden,27.29096031188965,0.8550960421562195,0.12440767139196396,
transfer,transfer/single/vanilla_factorgrad_late/kitchen,vanilla_factorgrad_late,single,mipnerf360,kitchen,31.454652786254883,0.9306493401527405,0.11782748252153397,
transfer,transfer/single/vanilla_factorgrad_late/room,vanilla_factorgrad_late,single,mipnerf360,room,31.675731658935547,0.9257426261901855,0.19756846129894257,
transfer,transfer/single/vanilla_factorgrad_late/stump,vanilla_factorgrad_late,single,mipnerf360,stump,26.60479736328125,0.7678190469741821,0.24613255262374878,
transfer,transfer/single/vanilla_factorgrad_late/treehill,vanilla_factorgrad_late,single,mipnerf360,treehill,22.66263198852539,0.6355656981468201,0.34740152955055237,
transfer,transfer/single/vanilla_factorgrad_late/train,vanilla_factorgrad_late,single,tnt,train,21.906234741210938,0.8152313232421875,0.20068198442459106,
transfer,transfer/single/vanilla_factorgrad_late/truck,vanilla_factorgrad_late,single,tnt,truck,25.334857940673828,0.8790469169616699,0.14596910774707794,
transfer,transfer/single/vanilla_raw/drjohnson,vanilla_raw,single,db,drjohnson,29.454187393188477,0.9025226831436157,0.23920296132564545,
transfer,transfer/single/vanilla_raw/playroom,vanilla_raw,single,db,playroom,30.11162757873535,0.9031293988227844,0.24287353456020355,
transfer,transfer/single/vanilla_raw/bicycle,vanilla_raw,single,mipnerf360,bicycle,25.136960983276367,0.7475314140319824,0.2408895343542099,
transfer,transfer/single/vanilla_raw/bonsai,vanilla_raw,single,mipnerf360,bonsai,32.35750198364258,0.9458656311035156,0.18023066222667694,
transfer,transfer/single/vanilla_raw/counter,vanilla_raw,single,mipnerf360,counter,29.11327362060547,0.9145320653915405,0.18296514451503754,
transfer,transfer/single/vanilla_raw/flowers,vanilla_raw,single,mipnerf360,flowers,21.36690902709961,0.5878921151161194,0.35891419649124146,
transfer,transfer/single/vanilla_raw/garden,vanilla_raw,single,mipnerf360,garden,27.345705032348633,0.8563578128814697,0.12232198566198349,
transfer,transfer/single/vanilla_raw/kitchen,vanilla_raw,single,mipnerf360,kitchen,31.474252700805664,0.9320096969604492,0.11587859690189362,
transfer,transfer/single/vanilla_raw/room,vanilla_raw,single,mipnerf360,room,31.782745361328125,0.9270065426826477,0.19633932411670685,
transfer,transfer/single/vanilla_raw/stump,vanilla_raw,single,mipnerf360,stump,26.659963607788086,0.7675355076789856,0.24407252669334412,
transfer,transfer/single/vanilla_raw/treehill,vanilla_raw,single,mipnerf360,treehill,22.59825897216797,0.6360518932342529,0.3464089632034302,
transfer,transfer/single/vanilla_raw/train,vanilla_raw,single,tnt,train,22.122453689575195,0.8178511261940002,0.19700610637664795,
transfer,transfer/single/vanilla_raw/truck,vanilla_raw,single,tnt,truck,25.416019439697266,0.8804102540016174,0.14332130551338196,
transfer,transfer/single/taming_factorgrad_full/bicycle,taming_factorgrad_full,single,mipnerf360,bicycle,24.84292221069336,0.7169347405433655,0.2963719666004181,407.0
transfer,transfer/single/taming_factorgrad_full/bonsai,taming_factorgrad_full,single,mipnerf360,bonsai,32.052528381347656,0.9343039989471436,0.2223096489906311,389.0
transfer,transfer/single/taming_factorgrad_full/counter,taming_factorgrad_full,single,mipnerf360,counter,28.83833885192871,0.8977845907211304,0.22320200502872467,406.0
transfer,transfer/single/taming_factorgrad_full/drjohnson,taming_factorgrad_full,single,db,drjohnson,29.479524612426758,0.8997723460197449,0.2710719704627991,281.0
transfer,transfer/single/taming_factorgrad_full/flowers,taming_factorgrad_full,single,mipnerf360,flowers,21.075237274169922,0.5570665001869202,0.4080103039741516,329.0
transfer,transfer/single/taming_factorgrad_full/garden,taming_factorgrad_full,single,mipnerf360,garden,27.34291648864746,0.8546216487884521,0.12795357406139374,746.0
transfer,transfer/single/taming_factorgrad_full/kitchen,taming_factorgrad_full,single,mipnerf360,kitchen,31.268878936767578,0.9208161234855652,0.14033816754817963,501.0
transfer,transfer/single/taming_factorgrad_full/playroom,taming_factorgrad_full,single,db,playroom,30.06516456604004,0.9000124335289001,0.278813898563385,210.0
transfer,transfer/single/taming_factorgrad_full/room,taming_factorgrad_full,single,mipnerf360,room,31.40641212463379,0.9063969254493713,0.2518032491207123,337.0
transfer,transfer/single/taming_factorgrad_full/stump,taming_factorgrad_full,single,mipnerf360,stump,25.95785140991211,0.7318899631500244,0.29441696405410767,274.0
transfer,transfer/single/taming_factorgrad_full/train,taming_factorgrad_full,single,tnt,train,22.457304000854492,0.8053621053695679,0.23662112653255463,255.0
transfer,transfer/single/taming_factorgrad_full/treehill,taming_factorgrad_full,single,mipnerf360,treehill,23.019853591918945,0.6244742274284363,0.3896717429161072,389.0
transfer,transfer/single/taming_factorgrad_full/truck,taming_factorgrad_full,single,tnt,truck,25.17690658569336,0.8638811707496643,0.18610602617263794,211.0
transfer,transfer/single/taming_raw/bicycle,taming_raw,single,mipnerf360,bicycle,24.86453628540039,0.7173053622245789,0.2955174744129181,412.0
transfer,transfer/single/taming_raw/bonsai,taming_raw,single,mipnerf360,bonsai,32.14508056640625,0.9345488548278809,0.22054238617420197,402.0
transfer,transfer/single/taming_raw/counter,taming_raw,single,mipnerf360,counter,28.980932235717773,0.8996505737304688,0.2206321656703949,414.0
transfer,transfer/single/taming_raw/drjohnson,taming_raw,single,db,drjohnson,29.405670166015625,0.8988933563232422,0.2698023319244385,294.0
transfer,transfer/single/taming_raw/flowers,taming_raw,single,mipnerf360,flowers,20.976043701171875,0.5544424057006836,0.4099852442741394,336.0
transfer,transfer/single/taming_raw/garden,taming_raw,single,mipnerf360,garden,27.4007511138916,0.8553571701049805,0.12701500952243805,748.0
transfer,transfer/single/taming_raw/kitchen,taming_raw,single,mipnerf360,kitchen,31.320199966430664,0.9216820597648621,0.1393323689699173,515.0
transfer,transfer/single/taming_raw/playroom,taming_raw,single,db,playroom,30.30487823486328,0.899741530418396,0.2778281271457672,217.0
transfer,transfer/single/taming_raw/room,taming_raw,single,mipnerf360,room,31.448427200317383,0.9076250791549683,0.2498576045036316,348.0
transfer,transfer/single/taming_raw/stump,taming_raw,single,mipnerf360,stump,25.818767547607422,0.7296936511993408,0.29566842317581177,281.0
transfer,transfer/single/taming_raw/train,taming_raw,single,tnt,train,22.68212890625,0.807237446308136,0.23326840996742249,261.0
transfer,transfer/single/taming_raw/treehill,taming_raw,single,mipnerf360,treehill,23.039113998413086,0.6253046989440918,0.3862735331058502,399.0
transfer,transfer/single/taming_raw/truck,taming_raw,single,tnt,truck,25.2885799407959,0.8653049468994141,0.18330490589141846,215.0
transfer,transfer/single/dash_factorgrad_full/bicycle,dash_factorgrad_full,single,mipnerf360,bicycle,25.35989761352539,0.7679280638694763,0.21565823256969452,500.0
transfer,transfer/single/dash_factorgrad_full/bonsai,dash_factorgrad_full,single,mipnerf360,bonsai,31.89434051513672,0.9360489845275879,0.2095188945531845,294.0
transfer,transfer/single/dash_factorgrad_full/counter,dash_factorgrad_full,single,mipnerf360,counter,28.818931579589844,0.8992017507553101,0.21361777186393738,320.0
transfer,transfer/single/dash_factorgrad_full/drjohnson,dash_factorgrad_full,single,db,drjohnson,29.506149291992188,0.9020805954933167,0.2518242299556732,292.0
transfer,transfer/single/dash_factorgrad_full/flowers,dash_factorgrad_full,single,mipnerf360,flowers,21.857820510864258,0.6145281791687012,0.32845064997673035,386.0
transfer,transfer/single/dash_factorgrad_full/garden,dash_factorgrad_full,single,mipnerf360,garden,27.43186378479004,0.8579811453819275,0.12397387623786926,479.0
transfer,transfer/single/dash_factorgrad_full/kitchen,dash_factorgrad_full,single,mipnerf360,kitchen,31.222627639770508,0.9166721701622009,0.14364570379257202,488.0
transfer,transfer/single/dash_factorgrad_full/playroom,dash_factorgrad_full,single,db,playroom,29.919578552246094,0.8990231156349182,0.25322815775871277,231.0
transfer,transfer/single/dash_factorgrad_full/room,dash_factorgrad_full,single,mipnerf360,room,31.621307373046875,0.9131579399108887,0.23272697627544403,320.0
transfer,transfer/single/dash_factorgrad_full/stump,dash_factorgrad_full,single,mipnerf360,stump,27.075576782226562,0.7837893962860107,0.214918851852417,319.0
transfer,transfer/single/dash_factorgrad_full/train,dash_factorgrad_full,single,tnt,train,22.034276962280273,0.8098337054252625,0.2162337601184845,314.0
transfer,transfer/single/dash_factorgrad_full/treehill,dash_factorgrad_full,single,mipnerf360,treehill,22.970701217651367,0.6395502686500549,0.3211519718170166,440.0
transfer,transfer/single/dash_factorgrad_full/truck,dash_factorgrad_full,single,tnt,truck,25.672332763671875,0.8788543939590454,0.1557094305753708,275.0
transfer,transfer/single/dash_raw/bicycle,dash_raw,single,mipnerf360,bicycle,25.335851669311523,0.7692587375640869,0.21451573073863983,514.0
transfer,transfer/single/dash_raw/bonsai,dash_raw,single,mipnerf360,bonsai,31.98795509338379,0.9365377426147461,0.20824284851551056,299.0
transfer,transfer/single/dash_raw/counter,dash_raw,single,mipnerf360,counter,28.933610916137695,0.9008415937423706,0.2114432454109192,322.0
transfer,transfer/single/dash_raw/drjohnson,dash_raw,single,db,drjohnson,29.39206886291504,0.9007412195205688,0.25064483284950256,294.0
transfer,transfer/single/dash_raw/flowers,dash_raw,single,mipnerf360,flowers,21.86484718322754,0.6152167916297913,0.32779109477996826,391.0
transfer,transfer/single/dash_raw/garden,dash_raw,single,mipnerf360,garden,27.448646545410156,0.8588194251060486,0.12358852475881577,475.0
transfer,transfer/single/dash_raw/kitchen,dash_raw,single,mipnerf360,kitchen,31.32645034790039,0.9186206459999084,0.14196237921714783,488.0
transfer,transfer/single/dash_raw/playroom,dash_raw,single,db,playroom,30.581459045410156,0.9051979184150696,0.25214940309524536,231.0
transfer,transfer/single/dash_raw/room,dash_raw,single,mipnerf360,room,31.607816696166992,0.9140104651451111,0.23275849223136902,323.0
transfer,transfer/single/dash_raw/stump,dash_raw,single,mipnerf360,stump,27.005615234375,0.7814744710922241,0.21695566177368164,320.0
transfer,transfer/single/dash_raw/train,dash_raw,single,tnt,train,22.24793815612793,0.8156538009643555,0.20958465337753296,317.0
transfer,transfer/single/dash_raw/treehill,dash_raw,single,mipnerf360,treehill,22.886133193969727,0.6378641724586487,0.32218077778816223,439.0
transfer,transfer/single/dash_raw/truck,dash_raw,single,tnt,truck,25.77033042907715,0.8805176615715027,0.15374262630939484,276.0
transfer,transfer/single/legs_factorgrad_full/bicycle,legs_factorgrad_full,single,mipnerf360,bicycle,25.722410202026367,0.7999327778816223,0.16985376179218292,729.0
transfer,transfer/single/legs_factorgrad_full/bonsai,legs_factorgrad_full,single,mipnerf360,bonsai,33.292198181152344,0.9509314298629761,0.17988328635692596,705.0
transfer,transfer/single/legs_factorgrad_full/counter,legs_factorgrad_full,single,mipnerf360,counter,29.71366310119629,0.9182568788528442,0.1808072179555893,571.0
transfer,transfer/single/legs_factorgrad_full/drjohnson,legs_factorgrad_full,single,db,drjohnson,29.629878997802734,0.9113767147064209,0.2280370593070984,456.0
transfer,transfer/single/legs_factorgrad_full/flowers,legs_factorgrad_full,single,mipnerf360,flowers,22.01430320739746,0.6428280472755432,0.28269851207733154,663.0
transfer,transfer/single/legs_factorgrad_full/garden,legs_factorgrad_full,single,mipnerf360,garden,28.097373962402344,0.8820669651031494,0.09042004495859146,970.0
transfer,transfer/single/legs_factorgrad_full/kitchen,legs_factorgrad_full,single,mipnerf360,kitchen,32.42074203491211,0.9342806935310364,0.11799970269203186,982.0
transfer,transfer/single/legs_factorgrad_full/playroom,legs_factorgrad_full,single,db,playroom,30.678115844726562,0.9127970337867737,0.2259523570537567,398.0
transfer,transfer/single/legs_factorgrad_full/room,legs_factorgrad_full,single,mipnerf360,room,32.45823287963867,0.9294441342353821,0.1951526254415512,561.0
transfer,transfer/single/legs_factorgrad_full/stump,legs_factorgrad_full,single,mipnerf360,stump,27.45539093017578,0.8131051063537598,0.17602810263633728,584.0
transfer,transfer/single/legs_factorgrad_full/train,legs_factorgrad_full,single,tnt,train,23.1331729888916,0.844388484954834,0.16933812201023102,557.0
transfer,transfer/single/legs_factorgrad_full/treehill,legs_factorgrad_full,single,mipnerf360,treehill,22.862186431884766,0.6599152088165283,0.27274248003959656,688.0
transfer,transfer/single/legs_factorgrad_full/truck,legs_factorgrad_full,single,tnt,truck,26.521190643310547,0.8944978713989258,0.13183633983135223,677.0
transfer,transfer/single/legs_raw/bicycle,legs_raw,single,mipnerf360,bicycle,25.75281524658203,0.801320493221283,0.16610242426395416,755.0
transfer,transfer/single/legs_raw/bonsai,legs_raw,single,mipnerf360,bonsai,33.46598815917969,0.9525769352912903,0.17716990411281586,730.0
transfer,transfer/single/legs_raw/counter,legs_raw,single,mipnerf360,counter,29.855070114135742,0.919430673122406,0.17819684743881226,592.0
transfer,transfer/single/legs_raw/drjohnson,legs_raw,single,db,drjohnson,29.86873435974121,0.9108750224113464,0.22731254994869232,472.0
transfer,transfer/single/legs_raw/flowers,legs_raw,single,mipnerf360,flowers,21.98576545715332,0.6438022255897522,0.2807864248752594,669.0
transfer,transfer/single/legs_raw/garden,legs_raw,single,mipnerf360,garden,28.04070281982422,0.8816669583320618,0.08957469463348389,1000.0
transfer,transfer/single/legs_raw/kitchen,legs_raw,single,mipnerf360,kitchen,32.71110534667969,0.936370849609375,0.11495636403560638,1017.0
transfer,transfer/single/legs_raw/playroom,legs_raw,single,db,playroom,30.521141052246094,0.9118651151657104,0.22466464340686798,402.0
transfer,transfer/single/legs_raw/room,legs_raw,single,mipnerf360,room,32.61243438720703,0.9307554960250854,0.19217072427272797,581.0
transfer,transfer/single/legs_raw/stump,legs_raw,single,mipnerf360,stump,27.38901138305664,0.8105126619338989,0.17688655853271484,583.0
transfer,transfer/single/legs_raw/train,legs_raw,single,tnt,train,22.758134841918945,0.842383861541748,0.16684593260288239,563.0
transfer,transfer/single/legs_raw/treehill,legs_raw,single,mipnerf360,treehill,22.69526481628418,0.6558606624603271,0.2712289094924927,708.0
transfer,transfer/single/legs_raw/truck,legs_raw,single,tnt,truck,26.590394973754883,0.89644855260849,0.12364991009235382,703.0
shorter_transfer,shorter_transfer/single/raw_shortergs/bicycle,raw_shortergs,single,mipnerf360,bicycle,25.1295891,0.7592649,0.223885,
shorter_transfer,shorter_transfer/single/shortergs_factorgrad/bicycle,shortergs_factorgrad,single,mipnerf360,bicycle,25.1436405,0.7596919,0.223696,
shorter_transfer,shorter_transfer/single/raw_shortergs/flowers,raw_shortergs,single,mipnerf360,flowers,21.6644039,0.6064062,0.3285666,
shorter_transfer,shorter_transfer/single/shortergs_factorgrad/flowers,shortergs_factorgrad,single,mipnerf360,flowers,21.7140408,0.6059928,0.3301013,
shorter_transfer,shorter_transfer/single/raw_shortergs/garden,raw_shortergs,single,mipnerf360,garden,27.1467342,0.8582603,0.1135155,
shorter_transfer,shorter_transfer/single/shortergs_factorgrad/garden,shortergs_factorgrad,single,mipnerf360,garden,27.15065,0.8569205,0.1159515,
shorter_transfer,shorter_transfer/single/raw_shortergs/stump,raw_shortergs,single,mipnerf360,stump,26.5815754,0.7653064,0.2411447,
shorter_transfer,shorter_transfer/single/shortergs_factorgrad/stump,shortergs_factorgrad,single,mipnerf360,stump,26.7008324,0.767616,0.2412441,
shorter_transfer,shorter_transfer/single/raw_shortergs/treehill,raw_shortergs,single,mipnerf360,treehill,22.3981419,0.6196659,0.3453431,
shorter_transfer,shorter_transfer/single/shortergs_factorgrad/treehill,shortergs_factorgrad,single,mipnerf360,treehill,22.5231628,0.6184074,0.348811,
shorter_transfer,shorter_transfer/single/raw_shortergs/room,raw_shortergs,single,mipnerf360,room,30.7387352,0.9150413,0.2240482,
shorter_transfer,shorter_transfer/single/shortergs_factorgrad/room,shortergs_factorgrad,single,mipnerf360,room,30.7803497,0.9135851,0.227018,
shorter_transfer,shorter_transfer/single/raw_shortergs/counter,raw_shortergs,single,mipnerf360,counter,28.7669735,0.9015432,0.2078577,
shorter_transfer,shorter_transfer/single/shortergs_factorgrad/counter,shortergs_factorgrad,single,mipnerf360,counter,28.711565,0.8993598,0.2113315,
shorter_transfer,shorter_transfer/single/raw_shortergs/kitchen,raw_shortergs,single,mipnerf360,kitchen,31.2278881,0.9248315,0.1282745,
shorter_transfer,shorter_transfer/single/shortergs_factorgrad/kitchen,shortergs_factorgrad,single,mipnerf360,kitchen,30.2790318,0.9018528,0.1479206,
shorter_transfer,shorter_transfer/single/raw_shortergs/bonsai,raw_shortergs,single,mipnerf360,bonsai,31.6082935,0.9350702,0.2100807,
shorter_transfer,shorter_transfer/single/shortergs_factorgrad/bonsai,shortergs_factorgrad,single,mipnerf360,bonsai,31.4428387,0.933965,0.2129208,
shorter_transfer,shorter_transfer/single/raw_shortergs/truck,raw_shortergs,single,tnt,truck,25.2435398,0.876133,0.1438546,
shorter_transfer,shorter_transfer/single/shortergs_factorgrad/truck,shortergs_factorgrad,single,tnt,truck,25.2372456,0.8750733,0.1471419,
shorter_transfer,shorter_transfer/single/raw_shortergs/train,raw_shortergs,single,tnt,train,21.6323071,0.8108793,0.2003494,
shorter_transfer,shorter_transfer/single/shortergs_factorgrad/train,shortergs_factorgrad,single,tnt,train,21.7589207,0.8098713,0.2055747,
shorter_transfer,shorter_transfer/single/raw_shortergs/drjohnson,raw_shortergs,single,db,drjohnson,28.9311008,0.893212,0.2507848,
shorter_transfer,shorter_transfer/single/shortergs_factorgrad/drjohnson,shortergs_factorgrad,single,db,drjohnson,28.9317608,0.8948708,0.2525121,
shorter_transfer,shorter_transfer/single/raw_shortergs/playroom,raw_shortergs,single,db,playroom,29.911272,0.9002484,0.2463089,
shorter_transfer,shorter_transfer/single/shortergs_factorgrad/playroom,shortergs_factorgrad,single,db,playroom,29.9657516,0.9015092,0.2483538,
vanilla_full_boundary,vanilla_full_boundary/single/vanilla_full/drjohnson,vanilla_full,single,db,drjohnson,29.444351196289062,0.9035757780075073,0.2394677698612213,
vanilla_full_boundary,vanilla_full_boundary/single/vanilla_full/playroom,vanilla_full,single,db,playroom,29.886747360229492,0.9015037417411804,0.24501076340675354,
vanilla_full_boundary,vanilla_full_boundary/single/vanilla_full/bicycle,vanilla_full,single,mipnerf360,bicycle,25.132837295532227,0.7483472228050232,0.2424110621213913,
vanilla_full_boundary,vanilla_full_boundary/single/vanilla_full/bonsai,vanilla_full,single,mipnerf360,bonsai,32.21247100830078,0.9453474283218384,0.18190312385559082,
vanilla_full_boundary,vanilla_full_boundary/single/vanilla_full/counter,vanilla_full,single,mipnerf360,counter,29.03182029724121,0.9127160906791687,0.1855071485042572,
vanilla_full_boundary,vanilla_full_boundary/single/vanilla_full/flowers,vanilla_full,single,mipnerf360,flowers,21.368457794189453,0.5879167318344116,0.3589383661746979,
vanilla_full_boundary,vanilla_full_boundary/single/vanilla_full/garden,vanilla_full,single,mipnerf360,garden,27.28620719909668,0.8557061553001404,0.1228320524096489,
vanilla_full_boundary,vanilla_full_boundary/single/vanilla_full/kitchen,vanilla_full,single,mipnerf360,kitchen,31.275625228881836,0.9303140640258789,0.11807592958211899,
vanilla_full_boundary,vanilla_full_boundary/single/vanilla_full/room,vanilla_full,single,mipnerf360,room,31.553945541381836,0.9253767728805542,0.197676882147789,
vanilla_full_boundary,vanilla_full_boundary/single/vanilla_full/stump,vanilla_full,single,mipnerf360,stump,26.783742904663086,0.7714349627494812,0.2420729547739029,
vanilla_full_boundary,vanilla_full_boundary/single/vanilla_full/treehill,vanilla_full,single,mipnerf360,treehill,22.63105010986328,0.6364500522613525,0.34770476818084717,
vanilla_full_boundary,vanilla_full_boundary/single/vanilla_full/train,vanilla_full,single,tnt,train,22.075679779052734,0.8159936666488647,0.20168854296207428,
vanilla_full_boundary,vanilla_full_boundary/single/vanilla_full/truck,vanilla_full,single,tnt,truck,25.39312171936035,0.8794122934341431,0.1459810584783554,
mechanism,mechanism/single/factorgrad_full/train,factorgrad_full,single,tnt,train,22.258581161499023,0.800112783908844,0.24889619648456573,132.0
mechanism,mechanism/single/factorgrad_full/kitchen,factorgrad_full,single,mipnerf360,kitchen,31.657155990600586,0.9271813631057739,0.1288982778787613,283.0
mechanism,mechanism/single/factorgrad_full/drjohnson,factorgrad_full,single,db,drjohnson,29.523008346557617,0.8973713517189026,0.27934107184410095,139.0
mechanism,mechanism/single/factorgrad_full/bicycle,factorgrad_full,single,mipnerf360,bicycle,24.719646453857422,0.7109250426292419,0.3140367269515991,238.0
mechanism,mechanism/single/skipgs/train,skipgs,single,tnt,train,22.340612411499023,0.8003286719322205,0.24591156840324402,137.0
mechanism,mechanism/single/skipgs/kitchen,skipgs,single,mipnerf360,kitchen,31.71608543395996,0.9278135895729065,0.12785424292087555,292.0
mechanism,mechanism/single/skipgs/drjohnson,skipgs,single,db,drjohnson,29.423561096191406,0.8973308205604553,0.2774827480316162,145.0
mechanism,mechanism/single/skipgs/bicycle,skipgs,single,mipnerf360,bicycle,24.779743194580078,0.7125664353370667,0.3128228485584259,246.0
