group,method,dataset,executions,psnr_mean,psnr_std,ssim_mean,ssim_std,lpips_mean,lpips_std,wall_time_sum_s_mean,wall_time_sum_s_std
baselines,3dgs,all13,1,27.28031481229342,,0.8332453553493206,,0.21334749173659545,,18825.0,
baselines,3dgs,db,1,29.69279670715332,,0.9025528728961945,,0.24100220203399658,,3189.0,
baselines,3dgs,mipnerf360,1,27.510985480414497,,0.8141913016637167,,0.21660703668991724,,13766.0,
baselines,3dgs,tnt,1,23.829814910888672,,0.8496810793876648,,0.17102482914924622,,1870.0,
baselines,dash,all13,1,27.40682161771334,,0.83307762329395,,0.2205199318436476,,4512.0,
baselines,dash,db,1,29.90986919403076,,0.9017079174518585,,0.25115616619586945,,499.0,
baselines,dash,mipnerf360,1,27.617951922946506,,0.8147007160716586,,0.22220001204146278,,3449.0,
baselines,dash,tnt,1,23.95368766784668,,0.8471434116363525,,0.18232333660125732,,564.0,
baselines,legs,all13,1,28.02658433180589,,0.8536266042635992,,0.18352093146397516,,8303.0,
baselines,legs,db,1,30.200546264648438,,0.9116770327091217,,0.22628125548362732,,811.0,
baselines,legs,mipnerf360,1,28.283358679877388,,0.8370139996210734,,0.18281107561455834,,6290.0,
baselines,legs,tnt,1,24.6971378326416,,0.8703328967094421,,0.14395495876669884,,1202.0,
baselines,mini,all13,1,27.069606194129356,,0.8349386820426354,,0.2219375612644049,,15128.0,
baselines,mini,db,1,29.895599365234375,,0.9041796624660492,,0.25615347921848297,,2119.0,
baselines,mini,mipnerf360,1,27.264721340603298,,0.8199264936976962,,0.21852556698852116,,11495.0,
baselines,mini,tnt,1,23.3655948638916,,0.8332525491714478,,0.2030756175518036,,1514.0,
baselines,shorter,all13,1,26.996910992307694,,0.8283138384615385,,0.2197601923076923,,2445.0,
baselines,shorter,db,1,29.526921299999998,,0.8973148,,0.24833795,,267.0,
baselines,shorter,mipnerf360,1,27.234686755555554,,0.8096945555555556,,0.22402197777777777,,1794.0,
baselines,shorter,tnt,1,23.39690975,,0.84309965,,0.1720044,,384.0,
baselines,speedy,all13,1,26.73188356252817,,0.8064204454421997,,0.2800188786708392,,11712.0,
baselines,speedy,db,1,29.531338691711426,,0.899248480796814,,0.2715148329734802,,1779.0,
baselines,speedy,mipnerf360,1,26.846009572347004,,0.7835485206709968,,0.29061498906877303,,8853.0,
baselines,speedy,tnt,1,23.418861389160156,,0.8165160715579987,,0.24084042757749557,,1080.0,
baselines,taming,all13,1,27.172826473529522,,0.8166752044971173,,0.2543812692165375,,4588.0,
baselines,taming,db,1,29.667490005493164,,0.8966090381145477,,0.2740791290998459,,486.0,
baselines,taming,mipnerf360,1,27.336485968695747,,0.7945354912016127,,0.2602410581376817,,3647.0,
baselines,taming,tnt,1,23.94169521331787,,0.8363700807094574,,0.20831435918807983,,455.0,
mechanism,factorgrad_full,all13,1,27.039597988128662,,0.8338976353406906,,0.24279306828975677,,792.0,
mechanism,factorgrad_full,db,1,29.523008346557617,,0.8973713517189026,,0.27934107184410095,,139.0,
mechanism,factorgrad_full,mipnerf360,1,28.188401222229004,,0.8190532028675079,,0.2214675024151802,,521.0,
mechanism,factorgrad_full,tnt,1,22.258581161499023,,0.800112783908844,,0.24889619648456573,,132.0,
mechanism,skipgs,all13,1,27.065000534057617,,0.8345098793506622,,0.24101785197854042,,820.0,
mechanism,skipgs,db,1,29.423561096191406,,0.8973308205604553,,0.2774827480316162,,145.0,
mechanism,skipgs,mipnerf360,1,28.24791431427002,,0.8201900124549866,,0.22033854573965073,,538.0,
mechanism,skipgs,tnt,1,22.340612411499023,,0.8003286719322205,,0.24591156840324402,,137.0,
primary,budget_matched_fullrgb,all13,3,26.883528342613808,0.018647899604901506,0.7884746468984164,0.0001514199422913568,0.29708464711140364,0.0001528801234423309,2194.6666666666665,27.682726262659415
primary,budget_matched_fullrgb,db,3,29.610766728719074,0.11359188710702874,0.8927110334237417,0.0005461394666272791,0.2931515822807948,0.0010192787440690915,220.0,2.0
primary,budget_matched_fullrgb,mipnerf360,3,26.98645083109538,0.011915799300827664,0.7594371018586336,0.0001619919231677697,0.31014072122397246,0.00013277839066961787,1755.3333333333333,22.5905584998099
primary,budget_matched_fullrgb,tnt,3,23.693138758341473,0.044474228651896874,0.8149072130521139,0.000315414588368208,0.2422653784354528,9.531433768317647e-05,219.33333333333334,3.2145502536643185
primary,fastgs_base,all13,3,27.383694526476738,0.025353714836335563,0.8196614919564663,0.00027270629852411634,0.2547505700435394,0.0001901812157661411,2918.3333333333335,37.43438704364389
primary,fastgs_base,db,3,29.988495508829754,0.06206923297360235,0.9014185468355814,0.00028612520816148764,0.2698841293652852,0.0006161241373038,295.0,2.0
primary,fastgs_base,mipnerf360,3,27.535266734935618,0.009486782543042274,0.797213457248829,0.00014727805260063444,0.2613364165579831,0.0001040003898714158,2340.3333333333335,37.89898855290644
primary,fastgs_base,tnt,3,24.096818606058758,0.08295822919938016,0.8389205932617188,0.0010036290322729437,0.20998070140679678,0.0006403768567240732,283.0,1.7320508075688772
primary,full,all13,3,27.275272907354893,0.018902339059210217,0.8176392775315504,0.000304574395122326,0.2578098877118184,0.00013355845048360838,2520.0,16.822603841260722
primary,full,db,3,29.934091250101726,0.14348849359176358,0.8997438549995422,0.0020181252776313697,0.27297566334406537,0.0001484693722183581,249.33333333333334,1.1547005383792515
primary,full,mipnerf360,3,27.429834012632018,0.00854674533115123,0.7955115481659218,0.00015173463780310866,0.2638382056245097,0.00021897096528534314,2026.0,12.288205727444508
primary,full,tnt,3,23.920929590861004,0.020444763816016603,0.8351094822088877,6.155679849325984e-05,0.21551668147246042,0.00018169437488374805,244.66666666666666,3.511884584284246
primary,skipgs_base,all13,3,27.324221439850636,0.015441105950412997,0.8184573910175226,0.00011658042190634145,0.25691908788986695,5.081137748348161e-05,2622.6666666666665,17.67295485574875
primary,skipgs_base,db,3,30.045169830322266,0.04296602061959374,0.9008435010910034,0.0004148871501961805,0.272287259499232,6.707188831914099e-05,258.6666666666667,1.5275252316519468
primary,skipgs_base,mipnerf360,3,27.464587529500324,0.008468637414981854,0.7960988989582768,0.00010804685169387122,0.2632846059622588,1.7814422001748344e-05,2112.6666666666665,14.153915830374764
primary,skipgs_base,tnt,3,23.971625645955402,0.041358830769134235,0.8366844952106476,0.0001398237436836408,0.21290608495473862,0.0001898714287263989,251.33333333333334,3.2145502536643185
primary,wo_channel,all13,3,27.30284910935622,0.008315186642877176,0.8181134661038717,0.0002878072388473265,0.2574896785693291,1.008026226279079e-05,2591.3333333333335,24.684678108764825
primary,wo_channel,db,3,30.000793139139812,0.0674400280590794,0.9002334972222646,0.00177554062851477,0.27330174545447034,0.00015902568119270652,257.0,2.6457513110645907
primary,wo_channel,mipnerf360,3,27.45076582166884,0.01218265703291684,0.795823785993788,0.00016016896777053662,0.2637244540232199,3.771133993574941e-05,2084.6666666666665,19.553345834749955
primary,wo_channel,tnt,3,23.93927987416585,0.005626964265493962,0.8362969954808553,0.0002599545616566395,0.21362112214167914,0.0001848383029693273,249.66666666666666,2.516611478423583
primary,wo_densification_aware,all13,3,27.265239177606045,0.019633791852225024,0.8170708738840543,0.0001403395344817186,0.2590330904110884,0.00021137236012333183,2516.0,14.106735979665885
primary,wo_densification_aware,db,3,29.950019518534344,0.12949683889010924,0.9004030724366506,0.0004733631875756403,0.2743411362171173,0.00034794320130841967,247.0,2.0
primary,wo_densification_aware,mipnerf360,3,27.4116377653899,0.007317845449611521,0.7946640606279727,0.00010546822860331834,0.2649158211769881,0.00017159266789702074,2026.0,13.0
primary,wo_densification_aware,tnt,3,23.92166519165039,0.028645726800768687,0.8345693349838257,0.00029622264015368804,0.21725275615851083,0.00026946025376149387,243.0,3.0
primary,wo_ipw,all13,3,26.93995852348132,0.014623381301549974,0.7905338628169818,9.990193706158884e-05,0.29366569488476485,2.6937986481154294e-05,2256.0,24.515301344262525
primary,wo_ipw,db,3,29.660378138224285,0.11022851514774919,0.8933524688084921,0.0013542993275553576,0.2898515313863754,5.368726667297544e-05,228.0,3.0
primary,wo_ipw,mipnerf360,3,27.05273946126302,0.019854855605868093,0.7618868119186826,0.00014674272956696614,0.3067676176627477,7.933916025888213e-05,1803.0,18.0
primary,wo_ipw,tnt,3,23.712024688720703,0.05935117781314601,0.8166269858678182,0.00015934631070345964,0.23852120588223139,0.0003970952929358884,225.0,3.605551275463989
primary,wo_temporal,all13,3,27.241631776858597,0.03811052796768137,0.8177645435700049,0.00013275151662927177,0.257426190834779,3.894768498624783e-05,2542.0,19.05255888325765
primary,wo_temporal,db,3,29.69490909576416,0.21711297623504447,0.8989871641000112,0.0009479856187337238,0.27315400044123334,0.0008963025785927096,252.33333333333334,2.0816659994661326
primary,wo_temporal,mipnerf360,3,27.4292049407959,0.015945943391298897,0.7957491079966227,0.00011666272387291005,0.2633741933990408,7.375003034238872e-05,2044.0,14.730919862656235
primary,wo_temporal,tnt,3,23.944275220235188,0.02606723241848898,0.8356113831202189,0.000267206961619931,0.21493236968914667,0.0005713167994152961,245.66666666666666,2.309401076758503
sensitivity,factorgrad_fastgs,all13,1,27.30935111412635,,0.8186211173350995,,0.25573596587547887,,2805.0,
sensitivity,factorgrad_fastgs,db,1,29.67244815826416,,0.8975980579853058,,0.27118782699108124,,280.0,
sensitivity,factorgrad_fastgs,mipnerf360,1,27.489338556925457,,0.7967516978581747,,0.261969366007381,,2252.0,
sensitivity,factorgrad_fastgs,tnt,1,24.136310577392578,,0.8380565643310547,,0.21223380416631699,,273.0,
sensitivity,late,all13,1,27.3169128711407,,0.8179924029570359,,0.2581132661837798,,2611.0,
sensitivity,late,db,1,30.0968074798584,,0.9014244377613068,,0.2726578116416931,,258.0,
sensitivity,late,mipnerf360,1,27.445706685384113,,0.7953262527783712,,0.2645748489432865,,2100.0,
sensitivity,late,tnt,1,23.957446098327637,,0.8365580439567566,,0.2144915983080864,,253.0,
sensitivity,q05,all13,1,27.261206553532528,,0.8170428597010099,,0.258672487277251,,2555.0,
sensitivity,q05,db,1,29.94829273223877,,0.8996474146842957,,0.2733462452888489,,251.0,
sensitivity,q05,mipnerf360,1,27.409024132622612,,0.7949094573656718,,0.264621376991272,,2057.0,
sensitivity,q05,tnt,1,23.9089412689209,,0.8340386152267456,,0.2172287255525589,,247.0,
sensitivity,q08,all13,1,27.24959637568547,,0.817421555519104,,0.2578480071746386,,2567.0,
sensitivity,q08,db,1,29.775229454040527,,0.8992035090923309,,0.2723160833120346,,254.0,
sensitivity,q08,mipnerf360,1,27.422712961832683,,0.7953897251023186,,0.2639406638012992,,2063.0,
sensitivity,q08,tnt,1,23.94493865966797,,0.8347828388214111,,0.2159629762172699,,250.0,
sensitivity,stabilization0,all13,1,27.29675733126127,,0.817674980713771,,0.257706072468024,,2578.0,
sensitivity,stabilization0,db,1,29.9324312210083,,0.89963299036026,,0.27246324717998505,,255.0,
sensitivity,stabilization0,mipnerf360,1,27.432646221584744,,0.7954109907150269,,0.26375289426909554,,2072.0,
sensitivity,stabilization0,tnt,1,24.049583435058594,,0.8359049260616302,,0.2157381996512413,,251.0,
sensitivity,stabilization1536,all13,1,27.26128519498385,,0.8178128737669724,,0.25783687371474046,,2559.0,
sensitivity,stabilization1536,db,1,29.833794593811035,,0.9010475873947144,,0.27302929759025574,,253.0,
sensitivity,stabilization1536,mipnerf360,1,27.428326076931423,,0.7955041196611192,,0.2638460596402486,,2058.0,
sensitivity,stabilization1536,tnt,1,23.937091827392578,,0.8349675536155701,,0.21560311317443848,,248.0,
shorter_transfer,raw_shortergs,all13,1,26.998504192307692,,0.8281432769230769,,0.22030874615384616,,,
shorter_transfer,raw_shortergs,db,1,29.4211864,,0.8967301999999999,,0.24854684999999999,,,
shorter_transfer,raw_shortergs,mipnerf360,1,27.251370533333333,,0.8094877666666667,,0.22474622222222224,,,
shorter_transfer,raw_shortergs,tnt,1,23.43792345,,0.8435061500000001,,0.172102,,,
shorter_transfer,shortergs_factorgrad,all13,1,26.949214646153845,,0.8260550692307692,,0.22404440769230768,,,
shorter_transfer,shortergs_factorgrad,db,1,29.4487562,,0.89819,,0.25043295,,,
shorter_transfer,shortergs_factorgrad,mipnerf360,1,27.16067907777778,,0.8063768111111111,,0.2287772,,,
shorter_transfer,shortergs_factorgrad,tnt,1,23.49808315,,0.8424723000000001,,0.1763583,,,
transfer,dash_factorgrad_full,all13,1,27.337338814368614,,0.8322038237865155,,0.22158911594977745,,4658.0,
transfer,dash_factorgrad_full,db,1,29.71286392211914,,0.9005518555641174,,0.252526193857193,,523.0,
transfer,dash_factorgrad_full,mipnerf360,1,27.58367411295573,,0.814317544301351,,0.22262921432654062,,3546.0,
transfer,dash_factorgrad_full,tnt,1,23.853304862976074,,0.8443440496921539,,0.18597159534692764,,589.0,
transfer,dash_raw,all13,1,27.414517182570236,,0.8334426650634179,,0.22042771314199155,,4689.0,
transfer,dash_raw,db,1,29.986763954162598,,0.9029695689678192,,0.25139711797237396,,525.0,
transfer,dash_raw,mipnerf360,1,27.599658542209202,,0.8147382272614373,,0.22215986169046825,,3571.0,
transfer,dash_raw,tnt,1,24.00913429260254,,0.8480857312679291,,0.1816636398434639,,593.0,
transfer,legs_factorgrad_full,all13,1,27.99991226196289,,0.8533708728276767,,0.18621150862712127,,8541.0,
transfer,legs_factorgrad_full,db,1,30.15399742126465,,0.9120868742465973,,0.22699470818042755,,854.0,
transfer,legs_factorgrad_full,mipnerf360,1,28.22627788119846,,0.8367512491014268,,0.18506508155001533,,6453.0,
transfer,legs_factorgrad_full,tnt,1,24.827181816101074,,0.8694431781768799,,0.15058723092079163,,1234.0,
transfer,legs_raw,all13,1,28.018966381366436,,0.8533745774855981,,0.1838112221314357,,8775.0,
transfer,legs_raw,db,1,30.194937705993652,,0.9113700687885284,,0.22598859667778015,,874.0,
transfer,legs_raw,mipnerf360,1,28.278684192233616,,0.8369218839539422,,0.18300809462865195,,6635.0,
transfer,legs_raw,tnt,1,24.674264907836914,,0.869416207075119,,0.1452479213476181,,1266.0,
transfer,taming_factorgrad_full,all13,1,27.15260300269494,,0.8164089826437143,,0.2558992803096771,,4735.0,
transfer,taming_factorgrad_full,db,1,29.7723445892334,,0.8998923897743225,,0.27494293451309204,,491.0,
transfer,taming_factorgrad_full,mipnerf360,1,27.31165991889106,,0.7938098576333787,,0.2615641802549362,,3778.0,
transfer,taming_factorgrad_full,tnt,1,23.817105293273926,,0.8346216380596161,,0.21136357635259628,,466.0,
transfer,taming_raw,all13,1,27.205777681790867,,0.8166759335077726,,0.2545406142106423,,4842.0,
transfer,taming_raw,db,1,29.855274200439453,,0.8993174433708191,,0.27381522953510284,,511.0,
transfer,taming_raw,mipnerf360,1,27.33265029059516,,0.7939566506279839,,0.2605360233121448,,3855.0,
transfer,taming_raw,tnt,1,23.98535442352295,,0.836271196603775,,0.20828665792942047,,476.0,
transfer,vanilla_factorgrad_late,all13,1,27.247327951284554,,0.8313006070943979,,0.21826529273620018,,,
transfer,vanilla_factorgrad_late,db,1,29.64604663848877,,0.9031469225883484,,0.2425014227628708,,,
transfer,vanilla_factorgrad_late,mipnerf360,1,27.52023082309299,,0.8118150896496243,,0.22286609643035465,,,
transfer,vanilla_factorgrad_late,tnt,1,23.620546340942383,,0.8471391201019287,,0.1733255460858345,,,
transfer,vanilla_raw,all13,1,27.303066106942985,,0.8322073954802293,,0.21618652630310792,,,
transfer,vanilla_raw,db,1,29.782907485961914,,0.9028260409832001,,0.2410382479429245,,,
transfer,vanilla_raw,mipnerf360,1,27.53728569878472,,0.8127536310089959,,0.22089121490716934,,,
transfer,vanilla_raw,tnt,1,23.76923656463623,,0.8491306900978088,,0.17016370594501495,,,
vanilla_full_boundary,vanilla_full,all13,1,27.236619802621696,,0.8318534585145804,,0.21763618634297296,,,
vanilla_full_boundary,vanilla_full,db,1,29.665549278259277,,0.9025397598743439,,0.24223926663398743,,,
vanilla_full_boundary,vanilla_full,mipnerf360,1,27.475128597683376,,0.8126232756508721,,0.2219024764166938,,,
vanilla_full_boundary,vanilla_full,tnt,1,23.734400749206543,,0.8477029800415039,,0.17383480072021484,,,
